TRN,Date of birth,Induction period end date,Number of terms,Outcome
3001348,1993-04-04,2025-03-11,12.3,pass
2600072,1984-10-04,2025-04-12,1.4,fail
3000829,2004-01-28,2025-04-26,7.3,fail
3000902,2000-06-22,2025-05-02,12.7,release
3001199,1999-12-09,2025-04-01,9.9,release
3001426,1991-07-16,2025-04-07,7.1,pass
3001338,1999-01-24,2025-04-09,9.2,fail
3000700,2001-06-25,2025-04-16,13.7,fail
3000900,1991-11-10,2025-04-04,7.6,pass
3000999,2003-07-22,2025-04-29,2.3,pass
3001444,1991-07-16,2025-04-19,9.4,pass
3000491,2002-12-10,2025-03-13,10.3,pass
2600125,1984-09-05,2025-03-10,1.4,release
3000940,2004-02-22,2025-04-12,0.3,fail
3001068,2002-10-23,2025-04-11,9.8,fail
3001012,2000-01-06,2025-04-06,1.2,release
3000985,2002-06-16,2025-04-16,10.9,release
2920882,1980-01-01,2025-03-22,5.4,release
2920923,2000-12-12,2025-03-19,7.8,release
3001071,2001-07-23,2025-04-10,15.8,fail
3001158,2000-06-21,2025-03-22,13.4,release
2908332,1987-09-01,2025-05-06,1.3,release
3001224,2003-11-18,2025-04-18,1.8,release
1000511,1974-12-02,2025-04-29,11.9,release
3000561,1994-09-03,2025-04-27,11.4,release
3001882,1991-07-16,2025-03-11,12.6,release
3000794,1990-05-29,2025-04-29,13.8,pass
3000790,1999-10-20,2025-03-30,12.7,release
3000518,1998-08-08,2025-04-05,11.1,fail
2920961,1990-04-01,2025-03-26,10.8,release
3000796,2000-10-09,2025-04-09,13.9,fail
3000713,1997-05-26,2025-03-15,0.7,release
3002569,1988-11-23,2025-05-05,6.5,release
3001135,1999-04-05,2025-05-04,13.8,pass
1000843,1996-09-01,2025-05-05,4.5,pass
2920994,1981-07-10,2025-03-14,8.9,release
3001499,1940-01-01,2025-05-01,6.1,pass
3000945,2002-12-25,2025-04-02,7.6,pass
3000776,1997-03-21,2025-04-17,12.5,pass
3000881,2004-05-28,2025-04-17,1.2,release
3000532,1995-06-03,2025-04-24,15.0,pass
3001734,1989-06-03,2025-03-20,9.2,fail
3001249,1989-04-13,2025-05-07,6.7,release
2908382,1994-08-18,2025-04-02,0.6,release
3000629,1999-03-14,2025-03-28,7.5,pass
3001744,1993-07-25,2025-03-27,2.2,pass
3001350,1979-10-18,2025-04-13,4.6,fail
3000953,1995-10-31,2025-03-18,0.5,pass
3001389,2002-09-27,2025-04-11,13.5,release
3000568,1975-10-19,2025-03-14,11.1,pass
3001795,1977-02-02,2025-04-08,9.1,pass
3001275,1995-08-06,2025-03-16,7.1,fail
3002567,1980-02-18,2025-04-01,2.7,fail
3001208,1994-10-26,2025-04-16,1.1,release
3000948,2003-07-15,2025-05-05,10.2,pass
3000806,2001-12-11,2025-04-25,13.2,pass
3000037,1970-01-01,2025-03-31,7.7,release
3001004,2002-09-27,2025-04-18,7.3,pass
3000414,1991-07-20,2025-05-02,5.2,pass
1000848,1979-09-05,2025-04-08,9.7,fail
3000916,1993-07-03,2025-04-24,6.8,release
3001155,2000-07-20,2025-04-23,13.4,fail
3001151,2002-04-06,2025-04-04,16.0,pass
3001069,1976-12-01,2025-04-24,12.4,fail
3001122,1991-04-28,2025-04-15,13.7,release
3000903,2002-06-14,2025-04-13,0.8,fail
2908381,1982-08-05,2025-04-25,10.0,fail
3001750,1960-05-10,2025-03-15,13.3,pass
3001551,1980-01-01,2025-04-29,1.6,fail
3001925,1970-01-01,2025-04-30,2.1,fail
2920898,1995-02-10,2025-03-31,12.7,release
3000814,2002-06-15,2025-04-08,9.9,fail
3001260,2003-07-28,2025-03-16,13.1,release
3000651,2004-02-27,2025-04-28,10.2,release
3001064,1995-02-04,2025-04-24,8.7,fail
2908248,1987-03-14,2025-03-24,4.4,pass
3000786,1988-11-07,2025-04-11,11.4,pass
3001459,1991-07-16,2025-04-19,6.8,release
2610529,1992-05-23,2025-03-09,15.3,pass
2908343,1984-09-04,2025-04-16,1.2,pass
2908401,1980-01-01,2025-04-01,15.2,pass
3001186,1983-01-21,2025-03-18,13.6,fail
3000752,1982-09-02,2025-04-23,8.4,pass
3001502,1940-01-01,2025-04-21,15.1,fail
3000740,1986-01-19,2025-03-21,4.9,release
3001242,2000-10-31,2025-03-25,14.4,pass
2921037,1999-01-14,2025-03-22,9.1,pass
3001765,1991-07-20,2025-04-17,1.0,fail
3000863,1993-10-06,2025-03-29,5.7,fail
3000789,1993-07-23,2025-03-19,6.1,release
3000498,2002-06-12,2025-05-01,7.5,release
3000610,2000-07-27,2025-03-15,2.2,pass
3001475,1940-01-01,2025-04-21,14.5,release
2908400,1990-02-14,2025-03-16,12.7,pass
3000995,2002-03-27,2025-03-16,10.6,release
3000653,2000-04-17,2025-04-04,14.1,fail
1000514,1984-03-02,2025-04-28,13.5,fail
3001394,2002-02-02,2025-04-08,13.3,release
3002302,1991-07-20,2025-03-09,9.6,pass
3002552,1995-08-04,2025-05-02,12.0,pass
1000338,1980-01-08,2025-03-12,5.0,pass
3001252,2002-08-15,2025-03-30,12.3,fail
3000468,1998-03-03,2025-03-28,9.5,fail
3000730,1998-07-24,2025-04-21,9.0,release
3001221,1995-01-10,2025-04-16,5.4,release
3001393,2001-10-01,2025-03-26,13.0,pass
3000803,2000-11-15,2025-04-16,3.6,release
2908330,1987-09-01,2025-03-27,4.5,fail
1000504,1991-05-05,2025-05-04,0.6,fail
3001176,2000-02-15,2025-03-10,6.8,pass
3000805,2003-02-15,2025-04-22,8.1,release
2908417,1988-05-28,2025-03-20,12.7,pass
3001157,1997-03-11,2025-05-02,7.5,release
3000442,2001-11-08,2025-04-13,14.0,fail
3000494,2000-06-01,2025-04-26,13.6,release
3000750,2001-01-24,2025-04-23,1.9,pass
3000507,1997-06-16,2025-04-12,5.1,pass
3001321,2002-02-09,2025-03-20,3.3,pass
3001270,1988-06-30,2025-05-05,3.5,pass
3001108,1991-01-09,2025-04-21,15.7,pass
3001742,1991-07-04,2025-04-19,11.6,pass
3001422,1991-07-16,2025-03-12,12.0,pass
3000792,1996-04-17,2025-05-07,1.6,pass
3000767,1988-06-30,2025-05-03,8.9,release
3001164,2001-02-15,2025-04-16,14.3,release
3001241,2000-03-11,2025-03-18,11.2,fail
3000560,1991-11-17,2025-03-14,8.0,pass
1000833,1978-08-06,2025-04-04,0.1,fail
2921022,1985-08-16,2025-04-30,15.7,fail
3000697,2001-12-31,2025-03-31,7.1,fail
3000744,2000-04-20,2025-04-06,3.0,release
1000844,1981-09-01,2025-03-12,10.5,release
3001298,1984-08-26,2025-04-08,15.3,release
3000565,1994-10-10,2025-03-15,1.8,release
3001082,1981-12-26,2025-05-03,9.8,fail
1001102,1994-04-06,2025-04-10,12.1,fail
3001363,1984-09-06,2025-03-23,1.7,pass
3001326,1981-02-13,2025-04-13,10.4,pass
3000905,2001-08-16,2025-05-02,15.0,release
3000490,1988-12-12,2025-03-14,9.1,pass
3001009,2004-06-25,2025-03-31,10.5,release
3000555,1995-01-17,2025-05-06,0.1,pass
2600148,1967-01-22,2025-04-15,14.7,pass
3001131,2001-05-03,2025-03-12,6.9,pass
3000506,1988-10-16,2025-03-15,3.4,pass
3000742,1999-02-21,2025-04-25,10.2,pass
2920892,1968-06-15,2025-04-12,15.1,fail
3000733,2002-03-17,2025-03-14,10.4,fail
3000395,1991-07-20,2025-05-05,2.5,pass
3000811,1999-01-15,2025-04-02,13.0,release
2908299,1973-08-15,2025-03-11,10.0,pass
3000808,1999-03-30,2025-04-30,6.8,pass
3002551,1988-11-24,2025-03-19,9.6,fail
3001889,1991-07-16,2025-03-22,9.0,pass
2635289,1970-01-01,2025-03-19,12.2,pass
3001886,1972-08-06,2025-05-03,10.0,pass
2920920,1971-02-09,2025-04-27,12.0,fail
3000454,2001-06-10,2025-04-22,15.1,fail
3000599,2003-09-22,2025-05-01,4.4,pass
3000802,2000-05-10,2025-04-28,3.1,fail
3000925,1999-12-24,2025-04-29,8.9,pass
3000679,2001-01-27,2025-03-18,7.5,release
3001794,2002-12-01,2025-04-14,6.4,release
3001343,2002-04-02,2025-04-23,3.4,release
3000574,1981-07-02,2025-04-18,11.0,fail
3000991,2001-08-19,2025-03-20,2.3,pass
2920971,1993-04-01,2025-03-18,6.4,fail
3001201,2002-11-25,2025-03-14,7.5,release
3000875,2003-09-10,2025-03-20,10.6,fail
3000865,1977-05-13,2025-03-11,6.1,fail
3002556,1989-06-04,2025-03-12,14.7,fail
3000983,2002-07-02,2025-03-26,1.9,pass
3001055,2003-08-07,2025-04-07,2.7,fail
3000590,1996-12-20,2025-04-15,11.8,pass
3001789,1945-04-04,2025-04-17,14.4,fail
1000846,1987-04-04,2025-05-07,13.4,release
3000709,1999-10-07,2025-03-28,14.9,fail
2920890,1999-03-21,2025-04-02,15.7,pass
3001448,1991-07-16,2025-04-29,12.0,pass
3001104,1979-08-20,2025-04-06,12.4,pass
3000525,2001-12-14,2025-05-02,9.5,fail
3001364,1999-01-25,2025-04-29,14.5,release
3001290,2002-11-03,2025-05-07,2.2,release
3000788,1997-03-22,2025-04-24,6.5,pass
3001110,1997-09-20,2025-04-29,14.2,fail
3001738,1980-05-10,2025-04-16,7.5,fail
3001159,1995-03-28,2025-03-27,0.2,pass
3001045,1999-11-10,2025-04-04,5.4,fail
3000712,1998-09-27,2025-04-07,9.6,fail
3001006,1995-04-17,2025-03-13,11.1,fail
3000737,2001-10-24,2025-03-18,0.5,fail
2908398,1966-08-11,2025-04-01,5.8,release
2908325,1987-08-01,2025-04-06,7.5,release
3000623,2001-10-26,2025-05-02,12.6,pass
3001227,2001-09-23,2025-04-13,7.4,fail
3001014,2000-11-04,2025-05-07,13.0,pass
3000487,1996-12-29,2025-03-09,14.6,fail
3000628,2000-07-14,2025-03-13,15.9,pass
3001191,1993-03-06,2025-04-02,15.4,pass
3000573,2000-02-02,2025-03-22,10.0,fail
3001314,2002-02-24,2025-03-10,5.5,release
3001078,1998-03-16,2025-03-15,9.9,fail
3000974,1998-12-04,2025-05-03,1.2,fail
3000770,2004-01-18,2025-04-30,2.3,release
3001118,1975-05-27,2025-05-05,5.6,fail
3000644,2004-06-05,2025-04-09,7.9,release
3000849,2004-02-27,2025-04-12,8.4,pass
3001085,2000-01-08,2025-03-28,2.0,release
3001445,1991-07-16,2025-04-13,2.8,release
3001303,2001-11-28,2025-03-20,1.3,release
2600171,1992-07-25,2025-04-15,0.2,fail
3001390,1999-09-17,2025-03-11,14.1,fail
3000633,2004-05-01,2025-04-05,0.3,fail
3001748,1992-08-26,2025-04-18,12.6,fail
3001508,1940-01-01,2025-03-10,3.9,fail
3000485,2003-12-29,2025-04-21,0.4,release
3000931,1999-12-02,2025-04-09,0.5,fail
3000934,2001-07-14,2025-03-25,5.8,release
3002566,1993-07-26,2025-03-24,0.7,fail
3001355,2000-07-14,2025-04-30,14.8,fail
3000699,1998-09-12,2025-03-30,7.3,fail
3000884,2002-09-18,2025-03-12,2.3,pass
3000666,2002-02-01,2025-04-07,11.0,pass
3001371,2002-04-22,2025-03-22,4.2,pass
3001043,1997-03-13,2025-04-19,6.1,release
3001111,1999-01-28,2025-04-11,3.3,fail
3001362,2004-08-26,2025-04-03,5.0,fail
3001332,2003-10-04,2025-04-11,3.6,pass
2635233,1995-03-30,2025-04-05,13.2,pass
3000838,2003-05-30,2025-04-10,5.9,fail
1000508,1981-05-05,2025-05-05,3.3,fail
3000528,1998-01-01,2025-04-24,12.9,release
3000747,2001-10-01,2025-04-05,10.8,pass
3001366,1996-09-06,2025-04-15,4.0,fail
3000711,1997-05-10,2025-04-15,12.7,release
2635290,1987-08-01,2025-04-04,11.6,release
3001136,2001-12-23,2025-04-18,5.9,pass
3001447,1991-07-16,2025-05-02,9.5,pass
3000439,2000-03-04,2025-03-12,15.9,pass
2899928,1990-08-25,2025-04-26,12.2,fail
3001036,1999-06-04,2025-03-30,0.4,release
3001040,1996-11-27,2025-04-22,1.8,release
3000988,1998-04-28,2025-03-16,9.3,release
3000779,2003-09-18,2025-04-22,15.6,fail
3000840,1999-06-18,2025-03-09,13.2,release
2918111,1980-01-01,2025-04-28,14.9,release
3001099,2002-08-02,2025-04-24,6.4,fail
1000804,1975-08-03,2025-04-28,2.8,fail
3001357,1993-12-17,2025-04-09,7.2,pass
2921018,1995-03-15,2025-03-28,11.0,fail
3001436,1991-07-16,2025-03-31,13.1,pass
3001013,2002-02-09,2025-04-10,10.5,pass
3001582,1940-01-01,2025-04-07,12.2,pass
3001081,1997-11-18,2025-04-26,12.3,fail
3001503,1940-01-01,2025-04-01,6.6,pass
3001263,2001-08-03,2025-05-02,9.6,pass
2899938,1980-01-01,2025-04-01,4.0,fail
1000834,1985-08-09,2025-04-21,5.1,release
1000818,1990-05-02,2025-03-13,3.5,release
3001879,1978-03-31,2025-04-07,5.9,pass
3000631,2001-02-22,2025-03-19,9.3,pass
3000516,1996-02-24,2025-03-13,13.8,release
3001011,1983-06-27,2025-03-21,2.4,fail
2610535,1985-01-02,2025-03-11,11.0,release
1000475,1978-04-02,2025-03-28,5.9,pass
2600037,1996-09-11,2025-03-15,8.1,pass
3001175,1980-09-15,2025-05-05,15.2,fail
3000868,1999-03-01,2025-04-06,14.6,fail
3001100,1998-02-09,2025-04-21,3.3,pass
2921084,1984-07-26,2025-04-28,8.9,fail
2921100,1983-07-10,2025-04-29,10.0,fail
3001317,1999-03-08,2025-03-27,2.9,fail
1000497,1961-04-05,2025-03-13,11.9,release
3001203,1992-11-11,2025-04-28,4.3,release
3000456,1999-08-05,2025-03-22,5.1,fail
2908359,2000-10-19,2025-05-07,2.9,release
3000773,2000-09-09,2025-04-20,0.8,fail
3001433,1991-07-16,2025-04-10,0.2,fail
3000650,1997-09-18,2025-04-16,6.4,fail
3000957,1989-12-21,2025-04-20,2.2,fail
3001056,1999-10-09,2025-04-06,3.0,pass
3000649,1995-09-20,2025-04-28,7.0,release
3001294,1996-05-15,2025-04-13,9.7,pass
1000478,1989-10-10,2025-04-16,2.9,release
3000812,1997-01-11,2025-03-20,6.7,release
3001091,1975-04-12,2025-04-03,6.8,release
3000978,1998-10-15,2025-03-09,8.8,fail
2600152,1971-02-02,2025-03-10,1.3,release
2918115,1980-01-01,2025-04-26,10.2,fail
1000498,1981-03-02,2025-03-28,15.6,pass
3001046,1995-03-26,2025-04-29,14.0,fail
3000955,2003-09-30,2025-03-18,13.9,fail
3001003,2004-02-24,2025-04-12,15.8,pass
3001265,2004-08-11,2025-04-07,14.2,pass
3001024,1999-05-12,2025-03-29,3.0,pass
3000707,2003-12-02,2025-04-17,5.3,pass
3001083,1991-04-16,2025-04-08,5.3,pass
3001830,1991-07-20,2025-03-28,5.5,pass
3000759,1999-02-12,2025-03-15,3.1,release
3000575,2001-03-07,2025-05-04,0.2,release
3000586,2001-11-10,2025-04-17,4.4,fail
3000977,1989-10-03,2025-05-01,4.8,pass
3001120,2002-08-05,2025-04-02,15.0,fail
3001335,1968-07-11,2025-04-19,1.1,fail
3001788,1999-03-03,2025-03-23,14.2,fail
2632412,1984-02-16,2025-03-13,1.7,fail
3000727,2001-11-08,2025-04-03,3.8,fail
3001386,2003-08-02,2025-03-17,13.0,release
3001329,2001-09-05,2025-04-17,8.8,pass
3001741,1982-04-23,2025-03-25,14.0,fail
3001505,1940-01-01,2025-04-21,7.7,pass
3000410,1991-07-20,2025-03-22,14.9,release
3000011,1991-07-20,2025-03-15,13.9,fail
2635270,1973-02-01,2025-04-02,7.3,release
3001133,1986-09-14,2025-04-24,4.0,pass
3000693,1997-09-09,2025-04-12,14.7,fail
3000921,2000-06-21,2025-04-18,1.2,release
3002576,1999-03-04,2025-04-16,12.7,pass
3001281,1998-08-14,2025-04-29,4.2,release
3000958,2002-06-03,2025-04-04,1.8,pass
3001139,2000-09-24,2025-04-06,2.5,fail
3000567,2002-08-14,2025-04-27,15.5,pass
3000970,1984-01-27,2025-03-26,12.4,release
3000658,2002-03-02,2025-03-22,2.0,release
3001257,2001-03-15,2025-03-19,13.2,pass
3000745,1993-09-25,2025-04-20,1.2,pass
3002550,1991-03-06,2025-05-07,13.1,fail
3000460,1999-09-24,2025-03-11,11.0,pass
3002560,1980-05-11,2025-03-25,1.1,pass
2908409,1971-02-01,2025-04-07,15.2,release
2908309,1996-07-02,2025-04-13,15.1,fail
2600034,1987-01-07,2025-04-23,8.8,fail
3001218,1990-09-29,2025-04-04,10.0,fail
3001048,2002-04-20,2025-03-20,2.5,release
3001745,1980-02-17,2025-05-06,4.6,fail
3000771,2000-07-11,2025-03-22,11.0,release
3001550,1991-07-16,2025-04-21,7.0,pass
3001137,2000-05-02,2025-03-25,2.0,release
3001059,2001-07-03,2025-04-30,12.9,fail
3001524,1991-07-16,2025-04-30,2.8,release
3000465,1988-09-11,2025-03-14,2.4,release
3000627,1977-04-25,2025-04-28,2.3,pass
2635299,1986-06-01,2025-04-09,2.1,pass
3002065,1990-01-01,2025-05-05,7.6,release
3000483,2000-10-22,2025-04-05,4.7,fail
1373464,1977-06-03,2025-04-22,12.0,pass
3001751,1980-05-10,2025-03-26,14.2,pass
3002558,1989-11-13,2025-03-29,15.9,release
3001554,1960-01-01,2025-04-15,7.1,release
3000554,2000-03-18,2025-03-14,13.5,fail
3001387,2002-06-13,2025-04-30,12.3,fail
3000661,1979-06-01,2025-04-29,9.6,fail
2908372,2001-08-24,2025-04-11,12.0,fail
2600136,1989-03-30,2025-04-23,3.5,pass
3001253,1999-04-01,2025-04-15,8.9,fail
3000852,1994-03-14,2025-03-12,7.6,fail
3002574,1977-01-02,2025-05-03,4.4,release
3001431,1991-07-16,2025-04-05,5.0,release
3000781,2000-10-19,2025-03-28,10.1,fail
3000971,2001-07-29,2025-05-02,7.6,pass
3000944,2004-07-24,2025-03-18,9.8,pass
2920950,2008-05-07,2025-04-28,1.3,fail
1000340,1960-01-01,2025-05-05,11.6,fail
3000824,2004-01-27,2025-03-29,1.1,pass
3001148,2000-02-27,2025-04-03,1.7,fail
2600014,1990-09-04,2025-03-27,11.4,release
3000501,2002-09-02,2025-03-31,14.8,pass
3001453,1991-07-16,2025-04-30,13.2,fail
3001273,1997-06-10,2025-04-29,1.4,fail
3000873,2000-07-25,2025-03-11,13.7,release
2600049,1990-09-04,2025-04-21,13.2,fail
3001369,1999-07-12,2025-04-27,2.0,pass
3000854,1999-03-07,2025-04-05,14.9,pass
3000654,1995-05-09,2025-04-30,14.1,fail
3001107,2001-05-10,2025-04-30,8.0,release
2921000,1981-07-10,2025-03-26,14.9,fail
3001127,2004-05-11,2025-05-04,15.2,release
2908385,1974-11-10,2025-03-28,6.2,release
2635231,1995-03-30,2025-04-12,11.5,pass
3000891,2004-01-26,2025-05-05,11.8,release
3001143,2001-09-12,2025-03-24,10.5,fail
2921105,1981-07-10,2025-03-28,3.1,release
3001015,2002-01-04,2025-03-22,1.5,fail
3000418,1991-07-20,2025-04-29,11.0,fail
3001189,2001-02-06,2025-04-13,8.2,fail
3001344,1999-03-03,2025-04-03,8.3,pass
3000685,2000-03-07,2025-03-28,0.2,fail
1000862,1987-05-01,2025-03-12,13.8,fail
3001142,1999-09-05,2025-03-27,0.3,pass
3000736,2001-09-13,2025-04-17,7.4,pass
1000521,1982-03-01,2025-03-22,5.9,fail
2921094,1990-01-01,2025-03-16,11.3,pass
3002559,1991-11-23,2025-04-07,3.5,fail
2920889,1993-02-09,2025-04-24,11.7,pass
2600071,1990-01-01,2025-03-10,6.7,fail
1000849,1986-07-04,2025-03-25,7.6,release
3001915,1988-07-16,2025-04-14,5.6,release
3001434,1991-07-16,2025-03-20,3.9,pass
3001507,1940-01-01,2025-04-19,5.0,fail
3001141,1995-06-27,2025-05-01,9.8,fail
3001022,2002-07-01,2025-04-27,9.0,pass
3001207,2003-11-05,2025-04-05,9.6,pass
3001892,1991-07-16,2025-04-16,14.6,release
3001097,1998-01-19,2025-03-09,0.5,pass
3001301,2001-09-18,2025-04-24,4.4,pass
3001764,1991-07-20,2025-03-23,3.3,pass
2921098,1981-07-10,2025-03-23,6.8,pass
3000959,1996-04-08,2025-04-23,2.5,fail
3000861,2002-04-20,2025-04-24,7.3,release
2600154,1976-10-24,2025-04-15,0.6,pass
3002575,1955-02-03,2025-03-27,8.0,pass
2600108,1988-10-25,2025-03-31,5.1,release
2600147,1984-04-21,2025-03-12,12.8,pass
2908371,2008-07-07,2025-04-17,15.9,pass
3001226,1987-04-13,2025-03-23,14.9,release
3000595,1995-08-23,2025-03-09,9.0,fail
3000462,2002-02-11,2025-03-11,6.2,release
1000468,1991-05-05,2025-03-09,14.2,release
3000194,1991-07-20,2025-03-30,10.9,fail
3000887,2000-12-19,2025-04-19,8.8,release
3001105,1988-10-15,2025-04-05,1.6,release
2908322,1986-04-09,2025-04-01,1.1,fail
3000411,1991-07-20,2025-04-28,1.2,pass
3000401,1992-07-20,2025-03-27,8.6,fail
2920885,1980-01-01,2025-03-25,5.5,fail
3001423,1991-07-16,2025-03-22,8.9,release
3000946,1981-08-25,2025-04-28,12.5,fail
3001450,1991-07-16,2025-03-19,1.8,pass
3001007,1998-08-29,2025-03-23,8.0,pass
3000979,2001-05-08,2025-04-09,6.4,release
3000760,2002-01-11,2025-03-09,3.6,fail
3001062,1990-01-06,2025-03-24,5.3,fail
9002001,1984-03-08,2025-04-22,3.8,pass
3000505,2004-08-09,2025-04-28,3.3,fail
3000775,2000-11-06,2025-04-27,6.9,fail
3000867,1995-09-12,2025-04-27,12.0,pass
2908287,1960-01-01,2025-04-04,4.6,release
3000851,2001-06-26,2025-03-23,1.8,fail
3000038,1970-01-01,2025-03-12,2.7,pass
3001205,1997-03-24,2025-04-29,12.8,pass
2921106,1981-07-20,2025-04-30,4.3,fail
3001873,1976-08-12,2025-04-28,13.4,pass
2920962,1980-01-01,2025-05-01,15.0,release
3000809,1997-08-05,2025-03-15,13.2,fail
1000501,1992-08-02,2025-03-17,10.8,pass
3001194,2003-11-15,2025-04-10,15.9,fail
3001086,1999-05-26,2025-03-30,2.7,pass
3000716,2000-07-03,2025-04-12,7.0,release
3001132,2002-11-21,2025-03-09,15.2,fail
3000827,1995-12-16,2025-04-05,11.8,pass
3000774,1992-05-15,2025-05-04,13.5,release
3001296,2002-03-10,2025-04-25,5.7,release
3001670,1991-07-20,2025-04-20,1.2,release
3000504,2001-05-01,2025-04-22,5.5,fail
3001090,1983-03-24,2025-04-09,4.1,release
3000920,2000-12-10,2025-04-28,2.3,fail
1000863,1986-09-04,2025-04-01,13.9,fail
2921256,1965-08-31,2025-03-28,2.6,release
3002554,1989-05-22,2025-03-23,0.1,release
3000519,2004-02-01,2025-03-13,11.0,fail
3000947,1978-01-10,2025-05-04,6.1,pass
3000550,1999-08-30,2025-03-09,8.6,pass
3000853,1996-05-20,2025-04-03,5.0,fail
3000398,1991-07-20,2025-04-05,0.6,release
2908249,1980-01-01,2025-03-24,5.2,fail
3001834,1976-01-01,2025-04-18,5.5,release
3001552,1990-01-01,2025-04-23,1.6,fail
3001476,1940-01-01,2025-03-29,13.6,pass
3001259,2002-03-24,2025-03-12,2.6,fail
3000990,2002-04-09,2025-05-01,1.9,release
3000753,2000-01-31,2025-03-24,7.5,pass
3001506,1940-01-01,2025-04-20,3.2,fail
2921266,1991-07-20,2025-03-26,4.2,pass
3000858,1999-08-20,2025-03-27,8.1,pass
3001028,2003-09-07,2025-04-20,12.9,fail
3000547,2001-02-10,2025-04-26,4.5,fail
2921095,1981-07-10,2025-04-07,5.9,fail
3001262,1996-09-06,2025-03-29,10.9,pass
3001487,1940-01-01,2025-04-24,4.8,pass
3001061,1992-03-28,2025-04-03,6.9,pass
3000488,1996-07-25,2025-05-04,11.5,fail
3001346,2001-11-20,2025-03-30,13.7,release
3000394,1991-07-20,2025-04-20,14.5,pass
2899939,2000-11-01,2025-03-25,15.3,release
2460665,1977-04-02,2025-04-21,8.5,release
3000484,2002-08-13,2025-03-12,4.5,fail
3001229,2000-08-12,2025-03-17,9.8,pass
3001177,2001-05-15,2025-04-29,5.8,fail
3000639,1984-12-10,2025-04-13,1.8,release
3001531,1991-04-16,2025-04-19,0.1,fail
3002572,1960-05-11,2025-03-24,1.5,fail
3000793,1997-11-12,2025-03-22,6.9,pass
3000480,1992-04-20,2025-04-25,4.3,fail
3001233,2003-08-07,2025-04-24,10.6,release
3001731,1984-07-28,2025-04-02,12.8,release
3001924,1990-01-02,2025-03-16,15.8,pass
1000854,1982-05-05,2025-04-20,15.6,fail
2920897,1988-05-02,2025-04-03,6.4,pass
3000441,1978-01-24,2025-04-12,12.4,fail
3000908,2000-01-12,2025-04-08,2.8,fail
3000968,1997-08-08,2025-03-22,11.8,pass
3001079,2001-04-18,2025-04-20,7.6,pass
2908392,1996-08-16,2025-03-18,4.3,pass
3000850,2004-07-25,2025-05-01,14.1,release
3000883,2004-04-14,2025-05-03,2.9,release
1000473,1985-05-01,2025-03-27,1.5,release
3000014,2001-03-20,2025-03-09,10.6,release
3001065,2002-02-14,2025-04-07,2.0,fail
3000799,2001-03-06,2025-03-15,0.1,release
3000969,2002-09-04,2025-04-06,3.9,pass
3000611,2004-05-18,2025-04-23,5.5,fail
1000513,1991-01-01,2025-05-03,3.9,pass
1000199,1980-01-01,2025-03-14,12.3,release
3000728,2002-04-10,2025-04-02,1.5,release
3000914,2000-02-20,2025-04-18,5.0,pass
2921270,1981-09-16,2025-04-04,0.7,fail
2600150,1974-10-07,2025-04-05,14.1,release
3001179,2003-08-30,2025-04-21,6.1,pass
3001437,1991-07-16,2025-04-08,13.2,release
1002076,1990-01-01,2025-03-19,3.4,pass
3000783,2002-10-07,2025-04-29,8.9,release
2635287,1990-01-11,2025-04-20,1.2,pass
1000509,1992-02-02,2025-03-10,10.1,fail
2600174,1987-10-13,2025-03-31,12.7,release
2610530,1991-05-23,2025-04-02,10.0,pass
3000726,2000-07-26,2025-03-13,0.8,fail
3000691,2001-05-01,2025-04-21,10.7,pass
3000492,2002-06-01,2025-03-27,3.6,release
1000470,1971-01-01,2025-03-27,5.7,release
3000972,1990-11-27,2025-03-11,15.6,release
3000892,2004-07-13,2025-03-16,3.9,fail
3001029,2000-11-20,2025-03-16,15.1,pass
3001737,1991-11-22,2025-03-28,0.6,release
3000542,2000-04-19,2025-05-04,15.8,fail
3001087,1999-08-24,2025-04-29,12.0,fail
3001025,1997-10-21,2025-03-10,15.5,pass
3000698,1999-06-20,2025-03-26,7.8,release
3001121,1979-11-01,2025-05-07,12.9,fail
3000455,1992-09-01,2025-05-03,3.3,pass
3001709,1991-07-16,2025-04-20,9.5,pass
3001674,1991-07-16,2025-03-19,6.8,pass
3000720,2000-05-25,2025-03-11,1.2,pass
3000452,1997-08-25,2025-04-12,10.3,fail
3001115,2001-11-29,2025-04-14,0.2,fail
3001395,2003-04-18,2025-04-13,16.0,pass
3000636,2000-08-02,2025-03-16,4.3,fail
3001455,1991-07-16,2025-04-26,4.5,pass
2600050,2000-01-28,2025-04-30,16.0,fail
3001031,2003-10-19,2025-04-25,15.3,fail
3001058,1990-08-16,2025-03-13,13.1,pass
3001829,1991-07-16,2025-03-11,10.5,release
3000813,2003-07-02,2025-03-19,9.0,fail
2908354,2000-05-10,2025-04-26,4.5,fail
3000880,2002-06-09,2025-04-04,6.1,fail
3001232,1998-11-05,2025-04-03,4.1,pass
3001388,1997-09-02,2025-03-29,5.2,pass
2645638,1980-01-01,2025-03-28,5.9,fail
3001235,1995-09-27,2025-03-18,12.4,pass
3001368,2002-09-22,2025-04-24,15.1,fail
3001465,1978-01-01,2025-03-30,10.0,fail
3001008,1990-12-23,2025-05-06,13.6,release
3000471,1996-11-01,2025-03-31,8.2,release
3000541,1999-05-30,2025-03-19,7.2,fail
3000842,2002-09-02,2025-05-06,5.0,fail
3001163,2002-01-16,2025-05-07,4.7,pass
3001277,2002-10-13,2025-03-10,5.9,pass
3001103,1961-11-13,2025-04-26,10.1,pass
3001172,2003-12-12,2025-04-18,12.2,fail
3002568,1988-11-13,2025-04-28,12.0,fail
3001356,1996-11-25,2025-03-27,5.6,pass
3000557,1993-05-25,2025-03-14,7.4,fail
3001739,1985-03-16,2025-04-16,0.4,fail
3000938,2002-06-25,2025-04-27,4.6,fail
3000445,2002-01-19,2025-04-14,5.4,pass
3001005,1995-01-26,2025-04-13,0.7,fail
3001316,1993-05-26,2025-03-21,7.6,pass
3000998,2001-10-30,2025-03-17,13.8,release
3001225,1987-05-27,2025-03-19,2.1,pass
3001063,1999-07-08,2025-04-15,4.9,pass
3000538,1986-06-29,2025-03-19,6.0,release
3001337,1986-06-23,2025-04-06,6.5,pass
3000502,1993-09-01,2025-03-13,11.0,fail
2920922,1990-08-14,2025-05-07,14.8,fail
3001169,1997-12-07,2025-04-21,0.5,release
3000886,2003-05-28,2025-03-11,10.3,pass
3001109,2001-04-25,2025-04-24,12.9,release
3000399,1991-07-20,2025-03-27,5.7,fail
2600128,1983-07-01,2025-04-20,5.6,pass
3001276,2003-11-16,2025-04-03,14.5,release
3000825,1999-07-01,2025-03-17,10.6,fail
3000688,1995-06-06,2025-04-17,0.9,pass
3001244,1998-10-16,2025-03-10,9.3,pass
3000643,2001-08-07,2025-03-11,0.5,pass
3000772,2001-04-02,2025-03-29,6.6,fail
1000869,1965-01-01,2025-04-08,11.4,fail
3000768,1991-09-30,2025-04-01,10.7,pass
3001102,1973-05-09,2025-03-29,2.9,pass
3000791,2001-09-09,2025-03-31,1.1,fail
2632406,1971-09-28,2025-03-23,9.3,pass
3001379,2001-03-30,2025-03-17,8.4,fail
3001467,1991-07-16,2025-04-08,5.9,release
3001182,2000-04-08,2025-05-02,13.0,release
3001274,2002-08-09,2025-03-23,0.7,pass
3000552,1978-07-26,2025-04-25,15.7,pass
3001145,2001-08-25,2025-03-16,8.3,pass
2635258,1975-10-10,2025-04-27,7.5,release
2908239,1978-08-12,2025-04-17,7.7,fail
3000472,2002-01-06,2025-05-02,13.2,pass
2921001,1981-07-10,2025-05-01,11.7,release
3001880,1999-03-10,2025-03-18,13.1,pass
3001129,2001-02-03,2025-04-19,14.1,fail
3001429,1991-07-16,2025-04-13,3.5,pass
3001384,2001-02-22,2025-05-03,6.8,pass
3000961,1993-01-22,2025-03-19,11.4,fail
1000487,1987-05-16,2025-04-05,0.7,release
3001464,1991-07-16,2025-03-29,3.6,release
3001165,2001-04-20,2025-04-07,4.6,pass
3000696,2002-04-29,2025-03-20,2.6,pass
3001324,1997-08-24,2025-03-27,1.0,release
3001017,1990-03-10,2025-03-31,8.3,fail
1000828,1980-01-01,2025-05-07,1.1,release
3001183,1999-03-21,2025-05-02,3.7,release
3001391,1990-02-10,2025-04-21,12.2,release
2635263,1995-03-20,2025-04-16,12.5,release
3001836,1973-02-07,2025-04-13,5.4,release
3000299,1940-01-01,2025-04-22,13.7,pass
2908331,1987-08-01,2025-03-15,14.8,pass
2908357,2000-06-24,2025-03-22,15.4,pass
3000899,2004-05-11,2025-04-06,6.3,pass
3000935,2003-10-30,2025-04-02,12.6,fail
3000512,1993-12-17,2025-03-31,2.8,release
3001295,1998-06-04,2025-03-30,12.2,release
3001456,1991-07-16,2025-04-06,7.8,pass
3001204,1990-09-08,2025-03-20,14.0,pass
3000193,1991-07-16,2025-05-01,5.1,fail
3000010,1991-07-20,2025-04-18,6.6,release
3001084,1996-11-19,2025-03-29,9.2,release
3001798,1976-01-01,2025-03-14,1.1,fail
3000613,1978-03-15,2025-05-02,8.9,fail
3001297,1995-03-27,2025-03-25,6.6,pass
3001838,1991-07-16,2025-04-22,10.1,release
2921099,1982-07-10,2025-03-17,6.2,release
2908293,1987-07-26,2025-03-25,0.9,pass
2921024,1972-12-10,2025-03-31,5.2,release
3002563,1982-04-24,2025-03-22,4.3,release
3000701,1997-11-12,2025-03-29,12.5,pass
3001883,1997-07-10,2025-04-29,11.0,fail
3001438,1991-07-16,2025-04-07,14.2,release
1000479,1975-05-05,2025-04-11,9.1,release
3000444,1979-06-13,2025-04-09,5.8,pass
3000463,2002-02-20,2025-04-05,5.5,fail
3001328,1999-03-09,2025-05-01,10.5,pass
3000756,2002-07-10,2025-03-22,4.0,fail
3000743,1987-04-29,2025-03-27,1.6,fail
3000795,2004-02-12,2025-03-09,15.8,release
3000832,1999-11-15,2025-04-18,11.5,pass
3001377,1976-11-12,2025-04-29,1.1,fail
1000519,1992-02-02,2025-03-16,4.8,fail
1000524,1982-09-05,2025-04-30,14.8,release
1000500,1987-04-05,2025-05-07,3.3,pass
3000936,2001-08-07,2025-03-10,7.8,release
3000835,1999-10-13,2025-04-29,8.9,fail
3000602,2004-07-09,2025-04-08,5.5,release
3000522,1999-08-12,2025-03-15,4.1,fail
2610537,1983-01-02,2025-03-14,13.6,fail
3001893,1991-07-16,2025-03-09,0.1,release
3000981,2002-02-12,2025-04-03,13.5,pass
3001302,2001-09-24,2025-03-12,11.2,release
3000780,2003-01-22,2025-04-01,13.4,pass
3001222,1997-02-28,2025-04-07,3.5,release
3001089,1994-09-13,2025-03-29,11.2,pass
3001336,2000-02-08,2025-03-13,8.9,fail
3000763,2004-03-18,2025-03-20,1.1,pass
2921101,1981-07-10,2025-04-19,6.9,release
2899932,2000-11-01,2025-05-03,2.2,fail
3001548,1991-07-16,2025-03-18,10.0,release
3000469,2000-11-28,2025-03-10,12.1,pass
3000625,1992-08-24,2025-05-02,4.4,fail
3000735,1997-01-22,2025-04-26,11.6,release
3000848,2004-04-20,2025-03-24,0.3,pass
3000624,2001-09-24,2025-04-15,2.7,pass
1000858,1970-01-04,2025-03-15,4.0,release
3001530,2003-06-03,2025-05-05,15.7,pass
3001786,1977-01-01,2025-05-03,14.9,pass
3001206,1978-07-06,2025-04-12,13.4,release
2908370,1986-08-15,2025-04-21,4.7,pass
3001372,2004-03-13,2025-03-17,13.6,release
2921102,1981-07-10,2025-04-15,10.9,fail
3001965,2002-03-07,2025-04-17,2.9,pass
1000864,1987-07-01,2025-04-17,5.5,fail
3000640,1984-02-21,2025-04-17,12.4,pass
3001353,2002-08-25,2025-04-13,12.9,pass
3000734,2001-07-03,2025-04-17,5.2,fail
3001509,1940-01-01,2025-05-02,0.6,release
3001339,2001-09-27,2025-05-06,15.5,fail
3000687,1998-12-11,2025-04-28,3.1,fail
3001266,2000-08-22,2025-04-29,3.2,fail
3001195,1998-09-11,2025-04-08,8.1,fail
3001446,1991-07-16,2025-03-16,11.2,fail
3000006,1982-01-01,2025-03-14,7.1,pass
3000787,1998-11-21,2025-04-23,2.2,pass
3000459,2000-06-19,2025-03-12,9.7,release
3001543,1991-07-18,2025-04-01,12.5,pass
3000714,1997-10-20,2025-04-21,2.0,fail
3000754,2001-11-29,2025-04-11,14.3,pass
3000906,1994-11-12,2025-03-13,4.5,release
3001190,1999-09-10,2025-05-02,10.9,pass
3000458,1981-12-18,2025-04-04,6.4,release
3001839,1991-07-20,2025-03-15,9.0,release
3000751,1997-03-18,2025-04-21,1.8,fail
3000965,2001-11-16,2025-03-23,9.4,release
3000821,1997-08-04,2025-03-17,8.5,pass
2908366,1972-08-24,2025-03-13,11.1,pass
3000830,2004-05-29,2025-03-16,12.0,fail
2921271,1999-08-25,2025-04-22,2.2,pass
2921092,1977-10-19,2025-03-22,3.5,fail
1000517,1981-01-21,2025-04-25,14.5,release
3000765,1998-03-14,2025-03-12,15.2,release
3001073,1990-08-22,2025-05-04,2.8,fail
3001041,2000-12-02,2025-03-22,5.5,release
3000831,2003-08-17,2025-03-30,8.5,release
3001482,1940-01-01,2025-04-16,5.1,fail
2921041,1960-04-01,2025-04-27,3.4,release
3000798,2002-09-23,2025-05-04,11.9,release
3001778,1940-01-01,2025-03-14,13.9,pass
3000930,2002-08-27,2025-03-25,12.1,fail
3001532,1991-07-20,2025-03-27,9.1,release
1000515,1979-08-05,2025-04-20,14.1,release
3001174,2001-09-06,2025-03-17,13.1,fail
3000804,1996-08-05,2025-03-31,15.3,release
3000517,1998-01-05,2025-04-24,3.6,fail
3000927,1969-09-30,2025-04-30,1.5,release
2921096,1981-07-10,2025-04-12,10.4,pass
3001166,1998-02-07,2025-05-05,9.5,fail
3001213,1978-10-26,2025-04-19,7.7,fail
3000605,1997-05-05,2025-04-27,6.0,release
3000503,2003-12-01,2025-04-07,9.4,pass
3000926,1998-11-18,2025-03-22,14.2,release
3000576,1999-06-17,2025-04-19,13.3,fail
3001039,1999-08-03,2025-04-02,5.8,release
3001470,1940-01-01,2025-03-18,14.8,fail
3000656,2002-02-12,2025-03-19,6.8,release
2908352,2000-09-14,2025-04-19,0.4,pass
3001130,1973-11-10,2025-04-08,8.8,fail
3001516,1991-07-20,2025-04-07,2.2,pass
1000510,1991-11-29,2025-05-01,14.3,pass
2908327,1996-06-22,2025-03-09,9.8,fail
3000606,1999-02-24,2025-03-28,6.1,fail
3001747,1988-11-22,2025-04-23,1.5,pass
3000620,1996-09-27,2025-03-25,3.9,fail
3000819,2003-07-09,2025-04-08,9.0,pass
3000493,1982-12-15,2025-05-06,13.3,fail
3001500,1940-01-01,2025-04-16,15.3,pass
2600161,1955-04-11,2025-04-23,2.7,fail
3000551,1975-09-16,2025-04-26,11.1,pass
1000839,1987-07-04,2025-04-03,7.4,fail
3001124,1998-08-28,2025-03-18,0.3,release
3000496,2000-01-26,2025-04-19,8.0,release
3001381,2003-05-09,2025-04-13,10.9,fail
3000527,1995-04-03,2025-05-06,9.9,fail
3000952,1998-12-09,2025-04-16,12.8,pass
3001457,1991-07-16,2025-04-04,5.6,fail
3001458,1991-07-16,2025-04-22,3.1,release
3001067,1994-05-12,2025-04-11,13.0,fail
3000960,1973-05-28,2025-03-17,8.5,pass
3001192,2001-04-28,2025-04-12,9.2,fail
1000526,1979-12-01,2025-04-13,13.0,fail
3001292,2000-07-17,2025-04-29,6.7,release
3000721,1999-02-12,2025-04-15,12.1,pass
3000415,1991-07-20,2025-04-01,0.1,release
3000973,1978-09-16,2025-04-08,5.9,release
3000543,1998-11-16,2025-04-18,11.6,release
3000777,1992-09-14,2025-03-31,12.2,release
3001152,2003-06-22,2025-03-28,6.6,pass
3000738,2001-10-11,2025-04-07,4.6,fail
3001327,2000-04-04,2025-04-14,12.8,release
3000630,2003-10-29,2025-04-29,8.5,fail
2908324,1987-08-01,2025-04-23,13.8,pass
3001361,1998-10-30,2025-04-10,13.9,fail
3001439,1991-07-16,2025-03-24,6.9,release
3000513,2001-09-29,2025-03-28,15.5,pass
3001359,1974-01-26,2025-03-17,9.8,pass
3001180,2002-01-25,2025-04-17,15.4,pass
3000495,2004-08-08,2025-05-06,1.1,fail
2635297,1987-04-01,2025-03-25,7.6,pass
3000724,2000-11-10,2025-04-11,3.9,pass
3001144,1999-03-13,2025-04-04,15.7,fail
2921097,1981-07-10,2025-03-19,0.2,release
2600066,1990-09-04,2025-03-28,5.2,release
3000746,1988-07-18,2025-04-03,3.5,fail
3001890,1991-07-20,2025-04-28,0.8,pass
3000672,2003-12-26,2025-04-06,7.4,release
3000677,2002-07-10,2025-03-25,12.0,release
2920886,1988-03-16,2025-05-03,9.2,fail
3000529,1993-11-14,2025-05-06,1.0,release
3000632,1991-02-28,2025-04-16,11.5,pass
3001435,1991-07-16,2025-04-15,8.2,fail
3001378,1993-09-13,2025-04-24,14.8,release
3001278,2000-12-06,2025-05-07,3.1,fail
1294412,1987-09-11,2025-04-17,9.3,fail
2920996,1981-07-10,2025-04-06,15.9,release
3000962,2001-09-07,2025-04-09,13.7,pass
3000682,1996-07-27,2025-04-28,1.2,pass
3001424,1991-07-16,2025-03-16,6.1,release
3000510,1984-05-14,2025-03-21,2.7,fail
3001826,1991-07-16,2025-04-03,15.1,release
2600026,1981-09-11,2025-04-28,9.8,release
3000989,2002-07-26,2025-04-17,3.8,release
3000755,1997-02-11,2025-04-12,8.3,release
1000476,1981-09-01,2025-04-23,4.9,pass
3000545,1997-09-15,2025-05-02,10.3,pass
3001333,1996-01-02,2025-04-01,5.6,pass
2600055,2000-01-01,2025-03-23,11.0,release
1000523,1973-11-02,2025-05-01,15.1,release
3001106,2001-10-10,2025-05-01,0.2,release
3001293,2004-02-28,2025-04-18,5.3,release
2908363,2005-11-16,2025-05-05,10.0,pass
3000396,1991-07-20,2025-04-12,1.0,release
1000482,1981-09-05,2025-03-11,6.8,release
2908360,1998-08-18,2025-03-23,11.6,release
3000619,2004-05-02,2025-03-11,6.2,fail
3001898,1991-07-16,2025-03-20,6.8,pass
3000440,2002-05-02,2025-04-02,15.6,release
3000559,1999-03-12,2025-03-25,15.2,release
3002553,1984-07-29,2025-04-22,10.0,fail
3000982,1981-05-15,2025-04-07,5.1,fail
2921104,1981-07-20,2025-04-26,6.9,release
3000801,2002-09-08,2025-04-04,14.5,fail
2770504,1990-01-01,2025-04-29,7.9,fail
3001542,1991-07-20,2025-04-16,1.2,release
3000879,2004-01-13,2025-03-12,8.1,fail
3000876,2003-03-20,2025-04-19,9.4,fail
2908336,1982-01-01,2025-04-03,9.1,release
2645637,1980-01-01,2025-03-22,6.1,release
3000941,2000-01-06,2025-03-29,8.2,release
3001547,1979-05-01,2025-04-07,10.9,release
2600078,1995-06-13,2025-04-28,7.0,fail
3001283,2001-06-25,2025-04-08,5.9,fail
3000635,1991-05-02,2025-04-07,13.3,release
1000507,1992-11-05,2025-05-03,12.0,fail
3000580,2002-05-29,2025-04-17,9.8,fail
3000739,2001-12-04,2025-03-23,2.5,fail
3001044,1999-01-22,2025-05-04,10.9,fail
2908399,1990-08-15,2025-03-28,5.3,pass
3000466,1991-10-01,2025-03-31,7.9,release
3001140,1999-05-14,2025-04-30,10.1,release
3001730,1995-08-03,2025-04-01,8.3,fail
3001018,2001-08-08,2025-03-28,12.2,release
2600109,1970-10-25,2025-03-11,11.8,pass
3000540,1996-12-03,2025-04-13,6.0,fail
2908323,1987-08-01,2025-04-02,7.7,fail
3001088,1998-09-26,2025-05-01,13.2,fail
3000553,1969-02-12,2025-05-05,11.9,fail
3000870,2003-03-05,2025-04-23,10.2,pass
3000964,2004-06-10,2025-03-16,5.8,release
3001094,1994-05-05,2025-03-09,15.5,release
3000843,2001-05-03,2025-04-01,14.7,pass
1294414,1989-09-11,2025-03-21,7.4,pass
3001187,2003-09-21,2025-05-05,15.7,release
2921032,1975-08-01,2025-04-24,1.8,pass
3001125,1988-08-05,2025-03-24,2.8,release
3001743,1980-12-20,2025-03-12,12.7,release
3001210,2000-09-24,2025-03-13,12.3,fail
2908376,1991-08-13,2025-03-14,2.6,pass
3000917,1989-09-26,2025-04-19,15.0,release
3001827,1991-07-20,2025-03-10,10.7,release
3000897,1985-08-10,2025-04-25,11.2,release
3000705,1994-07-10,2025-03-13,6.5,pass
3001248,2003-01-03,2025-03-17,3.5,release
3001791,1956-02-02,2025-04-16,2.9,release
3001160,1996-01-23,2025-03-10,12.4,fail
3001261,2000-06-18,2025-04-04,2.8,fail
3000531,1994-12-09,2025-05-05,3.1,release
3000473,1999-12-08,2025-04-03,4.9,fail
3001451,1991-07-16,2025-03-10,4.5,release
3001319,1994-06-10,2025-03-16,8.1,pass
1000861,1980-04-01,2025-03-26,0.7,release
3000646,1998-08-26,2025-04-14,0.4,fail
2600122,1965-08-01,2025-04-05,3.8,release
2600127,1965-08-02,2025-05-01,7.7,fail
2635255,1985-07-04,2025-04-08,7.2,release
3000718,2002-05-25,2025-03-09,3.4,release
3000856,2002-03-29,2025-04-09,4.3,release
3001070,1996-10-04,2025-05-06,3.7,release
3001442,1991-07-16,2025-05-03,3.7,fail
3000888,1999-09-27,2025-03-30,12.5,fail
3000894,2003-08-05,2025-03-24,6.4,release
2635295,1963-08-05,2025-04-01,10.4,pass
3001291,1993-05-29,2025-03-10,13.3,release
3000933,1996-10-22,2025-04-13,13.1,pass
3001383,1992-08-27,2025-04-02,7.8,fail
3001279,1995-08-20,2025-05-03,10.5,fail
3000928,2003-11-16,2025-04-13,2.4,pass
3000683,2002-08-02,2025-04-08,0.2,fail
3000616,2002-05-27,2025-03-24,12.1,fail
1000825,1972-06-06,2025-03-27,10.2,pass
3000670,1999-01-04,2025-04-26,2.1,fail
3001042,1993-09-03,2025-04-04,0.3,pass
3000548,1979-12-11,2025-04-05,9.5,pass
1294411,1986-09-07,2025-03-24,13.4,pass
1000506,1982-02-02,2025-03-23,11.4,fail
2908364,2002-08-18,2025-03-31,6.2,release
3000828,2000-05-14,2025-04-24,11.0,release
2908351,1990-01-01,2025-04-14,0.4,fail
3000406,1991-07-20,2025-03-29,15.7,fail
3000449,1995-03-05,2025-04-27,11.4,pass
3000489,1997-07-15,2025-04-10,2.5,fail
2920999,1981-07-10,2025-03-11,11.2,release
1000503,1982-02-02,2025-03-30,2.8,fail
2908342,1997-03-19,2025-03-20,11.8,fail
3001515,1991-07-20,2025-04-04,9.4,release
3000634,1999-07-07,2025-03-20,2.7,pass
3000692,2001-02-16,2025-04-02,15.0,pass
3000564,2003-03-26,2025-04-12,9.6,pass
3000857,1985-10-16,2025-03-16,12.2,release
3000642,2002-04-05,2025-03-10,8.4,fail
3000913,2002-04-26,2025-04-07,15.5,release
3000932,2002-01-14,2025-04-18,14.1,pass
3001790,1966-01-01,2025-04-26,15.0,release
3000924,1997-10-01,2025-04-28,6.4,release
3000758,2002-12-07,2025-05-04,12.4,fail
3001342,2002-05-20,2025-03-23,14.3,release
3000997,2003-07-16,2025-04-02,2.4,release
3001367,2001-09-26,2025-03-25,10.6,pass
3001285,2002-07-15,2025-04-22,10.5,fail
3001896,1991-07-16,2025-04-25,0.1,fail
3001256,1997-12-14,2025-04-17,10.5,release
3000882,2003-10-05,2025-04-18,1.8,pass
3001113,1997-04-02,2025-04-20,11.0,release
3000500,2003-10-12,2025-03-16,8.4,pass
3000749,2002-06-27,2025-04-10,1.0,fail
2600126,1985-09-01,2025-04-23,8.9,pass
2908353,2001-01-16,2025-04-24,2.2,release
3000885,2004-06-25,2025-04-04,6.8,release
3002570,1992-08-27,2025-04-21,9.3,fail
3001374,1999-05-13,2025-04-08,12.2,pass
3001000,2003-07-09,2025-03-12,10.0,release
2600005,1990-01-01,2025-05-01,3.6,pass
3001800,1999-01-01,2025-03-10,12.4,pass
3002561,1985-03-17,2025-04-14,10.1,fail
2918113,1980-01-01,2025-03-13,8.7,pass
3000416,1991-07-20,2025-04-08,13.0,release
3001697,1991-07-20,2025-03-28,12.3,fail
2600062,2000-01-01,2025-04-21,0.4,release
3001038,2000-11-30,2025-04-20,8.6,fail
3001066,2002-02-07,2025-03-13,1.7,fail
1000855,1980-07-01,2025-05-02,0.5,pass
3000686,2001-03-12,2025-03-17,14.4,pass
2920997,1981-07-10,2025-03-21,2.5,fail
3002562,1981-06-03,2025-03-18,4.8,release
3001021,1997-01-10,2025-03-31,13.7,pass
3001057,1999-09-17,2025-04-03,9.6,pass
3000536,1998-05-25,2025-03-27,12.3,pass
3000663,1966-01-04,2025-04-13,15.7,release
2918112,1980-01-01,2025-03-26,3.4,fail
1000516,1984-12-09,2025-04-30,2.4,fail
3001440,1991-07-16,2025-04-05,9.6,pass
3001216,1999-10-25,2025-04-30,12.3,release
3000919,1988-08-09,2025-04-09,6.1,release
3001309,1970-03-02,2025-05-02,13.2,release
3000579,1996-03-08,2025-03-29,13.1,fail
3000659,1997-04-21,2025-03-15,3.6,pass
3000556,1991-12-12,2025-03-18,10.8,fail
3000844,1997-10-08,2025-04-01,14.9,fail
3001032,1996-08-27,2025-03-22,0.1,release
3001240,1976-08-14,2025-03-11,5.0,release
3001188,1999-11-27,2025-04-24,4.5,release
3000030,1968-01-01,2025-05-05,2.8,pass
3000509,2003-01-13,2025-04-24,0.1,pass
3000684,1996-03-13,2025-04-05,3.1,fail
3001485,1940-01-01,2025-04-03,7.6,fail
3001396,2001-05-24,2025-03-12,15.7,release
3001053,1999-08-31,2025-04-08,10.1,fail
3001312,2002-08-16,2025-03-16,6.6,pass
3001149,1996-07-26,2025-04-29,0.6,release
3001793,1946-04-04,2025-03-14,0.5,release
2920911,1978-07-01,2025-03-16,6.8,fail
2600124,1987-09-04,2025-04-12,13.4,fail
3000015,1991-07-16,2025-04-22,9.4,release
3001894,1991-07-16,2025-03-28,12.7,fail
3000820,1996-05-25,2025-03-16,0.6,pass
3000748,1994-05-11,2025-04-20,7.5,release
3001280,1999-08-16,2025-03-22,11.9,release
2600107,1989-10-25,2025-03-24,12.0,fail
3000694,2001-05-10,2025-04-12,12.2,pass
2646904,2020-12-23,2025-04-01,3.2,pass
1000830,1975-08-01,2025-04-11,11.4,fail
3000841,2000-04-16,2025-04-05,12.2,fail
2908337,1974-11-10,2025-03-29,8.2,fail
3002564,1991-07-05,2025-04-17,2.4,release
3001239,2002-06-03,2025-04-25,2.2,release
3001282,1999-07-06,2025-05-01,13.8,fail
1000471,1962-01-01,2025-04-03,12.9,release
3000797,1972-10-13,2025-04-24,14.7,pass
3000923,2000-03-18,2025-05-02,11.0,release
2570408,1973-09-11,2025-04-02,14.7,fail
2921093,1989-08-13,2025-05-04,5.0,pass
3000860,2003-10-25,2025-04-14,15.0,pass
3000457,1990-08-07,2025-04-16,2.3,pass
3000994,2001-11-10,2025-03-12,10.2,fail
