TRN,Date of birth,Induction programme,Induction period start date
3001348,1993-04-04,fip,2025-03-21
2600072,1984-10-04,diy,2025-05-06
3000829,2004-01-28,diy,2025-04-21
3000902,2000-06-22,diy,2025-03-28
3001199,1999-12-09,cip,2025-04-19
3001426,1991-07-16,fip,2025-05-02
3001338,1999-01-24,cip,2025-04-13
3000700,2001-06-25,diy,2025-04-03
3000900,1991-11-10,cip,2025-03-21
3000999,2003-07-22,cip,2025-03-30
3001444,1991-07-16,cip,2025-03-28
3000491,2002-12-10,cip,2025-04-26
2600125,1984-09-05,diy,2025-03-25
3000940,2004-02-22,cip,2025-03-28
3001068,2002-10-23,cip,2025-04-07
3001012,2000-01-06,fip,2025-04-06
3000985,2002-06-16,diy,2025-04-16
2920882,1980-01-01,fip,2025-05-07
2920923,2000-12-12,fip,2025-04-28
3001071,2001-07-23,fip,2025-04-30
3001158,2000-06-21,diy,2025-04-28
2908332,1987-09-01,fip,2025-04-17
3001224,2003-11-18,cip,2025-04-02
1000511,1974-12-02,fip,2025-04-28
3000561,1994-09-03,fip,2025-03-21
3001882,1991-07-16,cip,2025-04-04
3000794,1990-05-29,fip,2025-05-07
3000790,1999-10-20,diy,2025-03-26
3000518,1998-08-08,fip,2025-03-19
2920961,1990-04-01,diy,2025-04-11
3000796,2000-10-09,cip,2025-04-05
3000713,1997-05-26,fip,2025-04-03
3002569,1988-11-23,diy,2025-03-29
3001135,1999-04-05,diy,2025-03-29
1000843,1996-09-01,fip,2025-03-29
2920994,1981-07-10,diy,2025-04-21
3001499,1940-01-01,cip,2025-05-03
3000945,2002-12-25,fip,2025-03-30
3000776,1997-03-21,cip,2025-03-29
3000881,2004-05-28,fip,2025-04-30
3000532,1995-06-03,cip,2025-03-16
3001734,1989-06-03,cip,2025-03-21
3001249,1989-04-13,cip,2025-03-21
2908382,1994-08-18,fip,2025-04-17
3000629,1999-03-14,cip,2025-04-20
3001744,1993-07-25,diy,2025-04-23
3001350,1979-10-18,fip,2025-04-12
3000953,1995-10-31,fip,2025-03-15
3001389,2002-09-27,diy,2025-05-05
3000568,1975-10-19,cip,2025-04-21
3001795,1977-02-02,fip,2025-03-09
3001275,1995-08-06,diy,2025-03-25
3002567,1980-02-18,diy,2025-05-04
3001208,1994-10-26,diy,2025-03-29
3000948,2003-07-15,fip,2025-03-20
3000806,2001-12-11,diy,2025-04-16
3000037,1970-01-01,diy,2025-03-23
3001004,2002-09-27,diy,2025-05-06
3000414,1991-07-20,fip,2025-04-21
1000848,1979-09-05,cip,2025-05-02
3000916,1993-07-03,diy,2025-04-09
3001155,2000-07-20,diy,2025-03-16
3001151,2002-04-06,fip,2025-03-15
3001069,1976-12-01,diy,2025-05-03
3001122,1991-04-28,diy,2025-03-09
3000903,2002-06-14,cip,2025-03-24
2908381,1982-08-05,fip,2025-04-12
3001750,1960-05-10,diy,2025-03-11
3001551,1980-01-01,diy,2025-04-07
3001925,1970-01-01,cip,2025-03-11
2920898,1995-02-10,cip,2025-04-26
3000814,2002-06-15,cip,2025-04-29
3001260,2003-07-28,fip,2025-04-03
3000651,2004-02-27,fip,2025-05-04
3001064,1995-02-04,diy,2025-04-20
2908248,1987-03-14,diy,2025-04-22
3000786,1988-11-07,cip,2025-03-12
3001459,1991-07-16,cip,2025-04-21
2610529,1992-05-23,diy,2025-03-25
2908343,1984-09-04,cip,2025-03-24
2908401,1980-01-01,cip,2025-03-19
3001186,1983-01-21,cip,2025-04-12
3000752,1982-09-02,fip,2025-03-27
3001502,1940-01-01,fip,2025-03-30
3000740,1986-01-19,cip,2025-03-10
3001242,2000-10-31,cip,2025-04-11
2921037,1999-01-14,diy,2025-05-07
3001765,1991-07-20,cip,2025-03-15
3000863,1993-10-06,cip,2025-04-25
3000789,1993-07-23,fip,2025-04-02
3000498,2002-06-12,cip,2025-04-15
3000610,2000-07-27,diy,2025-05-06
3001475,1940-01-01,fip,2025-03-23
2908400,1990-02-14,fip,2025-05-06
3000995,2002-03-27,fip,2025-04-01
3000653,2000-04-17,cip,2025-04-25
1000514,1984-03-02,diy,2025-03-12
3001394,2002-02-02,diy,2025-04-25
3002302,1991-07-20,fip,2025-03-13
3002552,1995-08-04,cip,2025-03-11
1000338,1980-01-08,fip,2025-03-10
3001252,2002-08-15,fip,2025-03-29
3000468,1998-03-03,diy,2025-04-13
3000730,1998-07-24,fip,2025-03-23
3001221,1995-01-10,cip,2025-04-15
3001393,2001-10-01,fip,2025-04-18
3000803,2000-11-15,cip,2025-04-03
2908330,1987-09-01,diy,2025-03-12
1000504,1991-05-05,fip,2025-03-20
3001176,2000-02-15,fip,2025-03-24
3000805,2003-02-15,fip,2025-04-27
2908417,1988-05-28,diy,2025-05-01
3001157,1997-03-11,cip,2025-03-22
3000442,2001-11-08,cip,2025-03-13
3000494,2000-06-01,diy,2025-03-11
3000750,2001-01-24,cip,2025-04-27
3000507,1997-06-16,diy,2025-04-02
3001321,2002-02-09,diy,2025-04-13
3001270,1988-06-30,diy,2025-04-21
3001108,1991-01-09,diy,2025-04-05
3001742,1991-07-04,cip,2025-04-16
3001422,1991-07-16,cip,2025-04-14
3000792,1996-04-17,diy,2025-04-18
3000767,1988-06-30,cip,2025-04-15
3001164,2001-02-15,diy,2025-04-30
3001241,2000-03-11,fip,2025-04-10
3000560,1991-11-17,diy,2025-04-16
1000833,1978-08-06,cip,2025-04-04
2921022,1985-08-16,cip,2025-03-13
3000697,2001-12-31,fip,2025-04-17
3000744,2000-04-20,fip,2025-04-07
1000844,1981-09-01,diy,2025-04-21
3001298,1984-08-26,diy,2025-03-24
3000565,1994-10-10,diy,2025-05-01
3001082,1981-12-26,cip,2025-03-17
1001102,1994-04-06,cip,2025-04-10
3001363,1984-09-06,cip,2025-04-20
3001326,1981-02-13,diy,2025-05-05
3000905,2001-08-16,diy,2025-03-22
3000490,1988-12-12,diy,2025-04-16
3001009,2004-06-25,diy,2025-04-08
3000555,1995-01-17,diy,2025-04-18
2600148,1967-01-22,cip,2025-03-21
3001131,2001-05-03,cip,2025-03-15
3000506,1988-10-16,cip,2025-04-10
3000742,1999-02-21,cip,2025-04-07
2920892,1968-06-15,diy,2025-04-28
3000733,2002-03-17,cip,2025-05-04
3000395,1991-07-20,cip,2025-03-19
3000811,1999-01-15,diy,2025-04-12
2908299,1973-08-15,fip,2025-04-30
3000808,1999-03-30,fip,2025-04-23
3002551,1988-11-24,cip,2025-04-16
3001889,1991-07-16,cip,2025-05-04
2635289,1970-01-01,diy,2025-04-09
3001886,1972-08-06,diy,2025-04-23
2920920,1971-02-09,fip,2025-04-09
3000454,2001-06-10,cip,2025-05-04
3000599,2003-09-22,fip,2025-04-25
3000802,2000-05-10,diy,2025-03-09
3000925,1999-12-24,diy,2025-03-20
3000679,2001-01-27,cip,2025-04-21
3001794,2002-12-01,diy,2025-03-30
3001343,2002-04-02,cip,2025-03-30
3000574,1981-07-02,fip,2025-03-09
3000991,2001-08-19,cip,2025-04-30
2920971,1993-04-01,diy,2025-03-29
3001201,2002-11-25,cip,2025-05-04
3000875,2003-09-10,diy,2025-05-07
3000865,1977-05-13,fip,2025-04-21
3002556,1989-06-04,diy,2025-03-11
3000983,2002-07-02,fip,2025-05-04
3001055,2003-08-07,diy,2025-04-24
3000590,1996-12-20,cip,2025-03-19
3001789,1945-04-04,cip,2025-04-14
1000846,1987-04-04,fip,2025-03-21
3000709,1999-10-07,fip,2025-04-05
2920890,1999-03-21,fip,2025-04-27
3001448,1991-07-16,cip,2025-03-26
3001104,1979-08-20,fip,2025-04-12
3000525,2001-12-14,fip,2025-04-30
3001364,1999-01-25,diy,2025-05-05
3001290,2002-11-03,diy,2025-04-08
3000788,1997-03-22,diy,2025-03-20
3001110,1997-09-20,cip,2025-03-31
3001738,1980-05-10,fip,2025-04-01
3001159,1995-03-28,fip,2025-04-04
3001045,1999-11-10,cip,2025-03-14
3000712,1998-09-27,fip,2025-05-06
3001006,1995-04-17,fip,2025-04-18
3000737,2001-10-24,fip,2025-03-15
2908398,1966-08-11,cip,2025-04-18
2908325,1987-08-01,cip,2025-04-18
3000623,2001-10-26,diy,2025-04-27
3001227,2001-09-23,cip,2025-03-16
3001014,2000-11-04,cip,2025-04-22
3000487,1996-12-29,fip,2025-04-01
3000628,2000-07-14,diy,2025-03-24
3001191,1993-03-06,cip,2025-03-27
3000573,2000-02-02,cip,2025-03-14
3001314,2002-02-24,cip,2025-04-18
3001078,1998-03-16,fip,2025-04-09
3000974,1998-12-04,diy,2025-04-24
3000770,2004-01-18,fip,2025-03-12
3001118,1975-05-27,diy,2025-03-23
3000644,2004-06-05,diy,2025-04-16
3000849,2004-02-27,fip,2025-04-16
3001085,2000-01-08,cip,2025-04-29
3001445,1991-07-16,fip,2025-03-10
3001303,2001-11-28,fip,2025-03-17
2600171,1992-07-25,diy,2025-03-17
3001390,1999-09-17,fip,2025-04-13
3000633,2004-05-01,diy,2025-05-02
3001748,1992-08-26,diy,2025-03-28
3001508,1940-01-01,diy,2025-04-20
3000485,2003-12-29,diy,2025-04-22
3000931,1999-12-02,diy,2025-04-05
3000934,2001-07-14,cip,2025-04-18
3002566,1993-07-26,cip,2025-04-06
3001355,2000-07-14,fip,2025-05-06
3000699,1998-09-12,cip,2025-04-13
3000884,2002-09-18,fip,2025-04-30
3000666,2002-02-01,fip,2025-04-19
3001371,2002-04-22,fip,2025-03-10
3001043,1997-03-13,diy,2025-04-14
3001111,1999-01-28,fip,2025-04-12
3001362,2004-08-26,diy,2025-04-03
3001332,2003-10-04,cip,2025-04-20
2635233,1995-03-30,cip,2025-04-06
3000838,2003-05-30,cip,2025-03-12
1000508,1981-05-05,fip,2025-03-16
3000528,1998-01-01,fip,2025-04-24
3000747,2001-10-01,cip,2025-03-13
3001366,1996-09-06,fip,2025-04-13
3000711,1997-05-10,diy,2025-03-13
2635290,1987-08-01,fip,2025-03-15
3001136,2001-12-23,diy,2025-04-09
3001447,1991-07-16,cip,2025-04-15
3000439,2000-03-04,diy,2025-04-29
2899928,1990-08-25,diy,2025-04-02
3001036,1999-06-04,cip,2025-04-23
3001040,1996-11-27,diy,2025-03-25
3000988,1998-04-28,cip,2025-03-28
3000779,2003-09-18,cip,2025-03-18
3000840,1999-06-18,cip,2025-03-10
2918111,1980-01-01,fip,2025-03-13
3001099,2002-08-02,cip,2025-04-17
1000804,1975-08-03,cip,2025-05-07
3001357,1993-12-17,fip,2025-04-07
2921018,1995-03-15,fip,2025-05-02
3001436,1991-07-16,fip,2025-04-04
3001013,2002-02-09,cip,2025-04-06
3001582,1940-01-01,cip,2025-05-05
3001081,1997-11-18,diy,2025-03-22
3001503,1940-01-01,cip,2025-04-10
3001263,2001-08-03,diy,2025-03-20
2899938,1980-01-01,fip,2025-04-13
1000834,1985-08-09,diy,2025-03-13
1000818,1990-05-02,cip,2025-03-15
3001879,1978-03-31,fip,2025-04-30
3000631,2001-02-22,diy,2025-05-03
3000516,1996-02-24,diy,2025-04-24
3001011,1983-06-27,fip,2025-04-10
2610535,1985-01-02,fip,2025-04-13
1000475,1978-04-02,cip,2025-04-17
2600037,1996-09-11,fip,2025-04-14
3001175,1980-09-15,cip,2025-04-13
3000868,1999-03-01,diy,2025-04-13
3001100,1998-02-09,diy,2025-04-10
2921084,1984-07-26,diy,2025-03-19
2921100,1983-07-10,fip,2025-03-17
3001317,1999-03-08,diy,2025-04-03
1000497,1961-04-05,cip,2025-04-13
3001203,1992-11-11,fip,2025-03-27
3000456,1999-08-05,fip,2025-03-29
2908359,2000-10-19,fip,2025-04-21
3000773,2000-09-09,cip,2025-04-17
3001433,1991-07-16,cip,2025-04-03
3000650,1997-09-18,diy,2025-03-13
3000957,1989-12-21,cip,2025-04-19
3001056,1999-10-09,fip,2025-05-02
3000649,1995-09-20,diy,2025-04-08
3001294,1996-05-15,fip,2025-03-19
1000478,1989-10-10,fip,2025-04-21
3000812,1997-01-11,diy,2025-04-05
3001091,1975-04-12,fip,2025-03-13
3000978,1998-10-15,cip,2025-03-22
2600152,1971-02-02,diy,2025-04-18
2918115,1980-01-01,diy,2025-04-24
1000498,1981-03-02,fip,2025-04-12
3001046,1995-03-26,cip,2025-04-18
3000955,2003-09-30,cip,2025-03-18
3001003,2004-02-24,fip,2025-05-01
3001265,2004-08-11,cip,2025-03-09
3001024,1999-05-12,cip,2025-04-26
3000707,2003-12-02,cip,2025-04-20
3001083,1991-04-16,fip,2025-04-27
3001830,1991-07-20,diy,2025-03-16
3000759,1999-02-12,diy,2025-03-18
3000575,2001-03-07,diy,2025-04-04
3000586,2001-11-10,diy,2025-05-05
3000977,1989-10-03,fip,2025-03-31
3001120,2002-08-05,fip,2025-05-04
3001335,1968-07-11,fip,2025-04-12
3001788,1999-03-03,fip,2025-03-14
2632412,1984-02-16,fip,2025-03-30
3000727,2001-11-08,fip,2025-04-11
3001386,2003-08-02,diy,2025-04-11
3001329,2001-09-05,diy,2025-03-13
3001741,1982-04-23,cip,2025-05-04
3001505,1940-01-01,diy,2025-04-24
3000410,1991-07-20,fip,2025-03-10
3000011,1991-07-20,cip,2025-04-12
2635270,1973-02-01,diy,2025-04-10
3001133,1986-09-14,fip,2025-03-18
3000693,1997-09-09,cip,2025-03-17
3000921,2000-06-21,cip,2025-04-28
3002576,1999-03-04,fip,2025-04-05
3001281,1998-08-14,fip,2025-04-28
3000958,2002-06-03,fip,2025-03-20
3001139,2000-09-24,fip,2025-04-23
3000567,2002-08-14,diy,2025-03-17
3000970,1984-01-27,diy,2025-04-16
3000658,2002-03-02,diy,2025-03-12
3001257,2001-03-15,diy,2025-04-15
3000745,1993-09-25,cip,2025-03-24
3002550,1991-03-06,fip,2025-03-31
3000460,1999-09-24,diy,2025-03-10
3002560,1980-05-11,cip,2025-03-23
2908409,1971-02-01,cip,2025-03-12
2908309,1996-07-02,diy,2025-03-31
2600034,1987-01-07,fip,2025-04-21
3001218,1990-09-29,fip,2025-04-18
3001048,2002-04-20,cip,2025-03-29
3001745,1980-02-17,fip,2025-03-17
3000771,2000-07-11,diy,2025-04-24
3001550,1991-07-16,diy,2025-03-10
3001137,2000-05-02,cip,2025-03-16
3001059,2001-07-03,diy,2025-05-01
3001524,1991-07-16,cip,2025-03-09
3000465,1988-09-11,diy,2025-04-24
3000627,1977-04-25,diy,2025-04-22
2635299,1986-06-01,cip,2025-03-24
3002065,1990-01-01,diy,2025-04-01
3000483,2000-10-22,fip,2025-04-04
1373464,1977-06-03,cip,2025-04-26
3001751,1980-05-10,fip,2025-04-28
3002558,1989-11-13,fip,2025-04-01
3001554,1960-01-01,fip,2025-04-16
3000554,2000-03-18,diy,2025-03-20
3001387,2002-06-13,cip,2025-03-13
3000661,1979-06-01,diy,2025-03-18
2908372,2001-08-24,cip,2025-04-21
2600136,1989-03-30,cip,2025-05-01
3001253,1999-04-01,diy,2025-03-30
3000852,1994-03-14,cip,2025-04-17
3002574,1977-01-02,fip,2025-03-11
3001431,1991-07-16,diy,2025-04-19
3000781,2000-10-19,diy,2025-04-15
3000971,2001-07-29,diy,2025-03-10
3000944,2004-07-24,fip,2025-04-27
2920950,2008-05-07,diy,2025-04-27
1000340,1960-01-01,cip,2025-03-27
3000824,2004-01-27,cip,2025-04-25
3001148,2000-02-27,cip,2025-04-28
2600014,1990-09-04,fip,2025-04-01
3000501,2002-09-02,cip,2025-03-25
3001453,1991-07-16,fip,2025-03-12
3001273,1997-06-10,cip,2025-03-09
3000873,2000-07-25,cip,2025-04-06
2600049,1990-09-04,fip,2025-04-11
3001369,1999-07-12,diy,2025-04-13
3000854,1999-03-07,fip,2025-03-23
3000654,1995-05-09,diy,2025-04-26
3001107,2001-05-10,diy,2025-03-09
2921000,1981-07-10,fip,2025-04-08
3001127,2004-05-11,diy,2025-03-12
2908385,1974-11-10,fip,2025-03-26
2635231,1995-03-30,cip,2025-03-19
3000891,2004-01-26,diy,2025-04-23
3001143,2001-09-12,fip,2025-04-18
2921105,1981-07-10,diy,2025-03-21
3001015,2002-01-04,cip,2025-04-24
3000418,1991-07-20,cip,2025-04-27
3001189,2001-02-06,cip,2025-03-29
3001344,1999-03-03,fip,2025-04-01
3000685,2000-03-07,cip,2025-05-01
1000862,1987-05-01,cip,2025-04-23
3001142,1999-09-05,fip,2025-03-12
3000736,2001-09-13,diy,2025-03-22
1000521,1982-03-01,fip,2025-03-31
2921094,1990-01-01,cip,2025-04-04
3002559,1991-11-23,diy,2025-04-26
2920889,1993-02-09,diy,2025-04-04
2600071,1990-01-01,cip,2025-05-05
1000849,1986-07-04,diy,2025-03-24
3001915,1988-07-16,cip,2025-04-06
3001434,1991-07-16,cip,2025-04-17
3001507,1940-01-01,diy,2025-03-17
3001141,1995-06-27,fip,2025-03-28
3001022,2002-07-01,fip,2025-04-12
3001207,2003-11-05,fip,2025-03-28
3001892,1991-07-16,cip,2025-03-18
3001097,1998-01-19,diy,2025-04-23
3001301,2001-09-18,cip,2025-03-22
3001764,1991-07-20,diy,2025-03-27
2921098,1981-07-10,cip,2025-04-01
3000959,1996-04-08,fip,2025-03-24
3000861,2002-04-20,fip,2025-04-02
2600154,1976-10-24,diy,2025-03-12
3002575,1955-02-03,diy,2025-04-26
2600108,1988-10-25,fip,2025-04-25
2600147,1984-04-21,cip,2025-03-18
2908371,2008-07-07,cip,2025-04-04
3001226,1987-04-13,diy,2025-03-10
3000595,1995-08-23,cip,2025-04-12
3000462,2002-02-11,cip,2025-05-01
1000468,1991-05-05,diy,2025-04-22
3000194,1991-07-20,diy,2025-03-22
3000887,2000-12-19,cip,2025-04-13
3001105,1988-10-15,cip,2025-03-31
2908322,1986-04-09,diy,2025-03-10
3000411,1991-07-20,fip,2025-03-29
3000401,1992-07-20,cip,2025-04-12
2920885,1980-01-01,fip,2025-05-01
3001423,1991-07-16,cip,2025-03-23
3000946,1981-08-25,diy,2025-03-09
3001450,1991-07-16,fip,2025-05-06
3001007,1998-08-29,fip,2025-04-26
3000979,2001-05-08,cip,2025-04-06
3000760,2002-01-11,cip,2025-03-29
3001062,1990-01-06,diy,2025-04-07
9002001,1984-03-08,diy,2025-03-10
3000505,2004-08-09,fip,2025-04-25
3000775,2000-11-06,fip,2025-04-18
3000867,1995-09-12,cip,2025-04-14
2908287,1960-01-01,diy,2025-04-26
3000851,2001-06-26,fip,2025-04-24
3000038,1970-01-01,diy,2025-03-27
3001205,1997-03-24,fip,2025-04-29
2921106,1981-07-20,fip,2025-04-23
3001873,1976-08-12,diy,2025-04-06
2920962,1980-01-01,diy,2025-03-13
3000809,1997-08-05,diy,2025-03-19
1000501,1992-08-02,cip,2025-05-05
3001194,2003-11-15,cip,2025-05-05
3001086,1999-05-26,diy,2025-03-11
3000716,2000-07-03,diy,2025-04-24
3001132,2002-11-21,cip,2025-03-24
3000827,1995-12-16,fip,2025-04-21
3000774,1992-05-15,diy,2025-04-11
3001296,2002-03-10,diy,2025-03-27
3001670,1991-07-20,cip,2025-03-18
3000504,2001-05-01,cip,2025-03-16
3001090,1983-03-24,diy,2025-04-10
3000920,2000-12-10,diy,2025-04-24
1000863,1986-09-04,diy,2025-04-11
2921256,1965-08-31,diy,2025-04-04
3002554,1989-05-22,diy,2025-03-23
3000519,2004-02-01,diy,2025-03-27
3000947,1978-01-10,diy,2025-03-13
3000550,1999-08-30,cip,2025-04-18
3000853,1996-05-20,diy,2025-04-20
3000398,1991-07-20,diy,2025-04-10
2908249,1980-01-01,diy,2025-03-17
3001834,1976-01-01,fip,2025-04-05
3001552,1990-01-01,diy,2025-03-25
3001476,1940-01-01,cip,2025-04-21
3001259,2002-03-24,fip,2025-05-07
3000990,2002-04-09,fip,2025-03-19
3000753,2000-01-31,fip,2025-03-27
3001506,1940-01-01,diy,2025-04-10
2921266,1991-07-20,diy,2025-04-28
3000858,1999-08-20,cip,2025-04-26
3001028,2003-09-07,fip,2025-03-15
3000547,2001-02-10,cip,2025-04-15
2921095,1981-07-10,diy,2025-03-13
3001262,1996-09-06,diy,2025-04-13
3001487,1940-01-01,cip,2025-04-04
3001061,1992-03-28,diy,2025-03-10
3000488,1996-07-25,fip,2025-03-10
3001346,2001-11-20,cip,2025-03-31
3000394,1991-07-20,diy,2025-04-30
2899939,2000-11-01,fip,2025-04-19
2460665,1977-04-02,fip,2025-04-29
3000484,2002-08-13,cip,2025-03-26
3001229,2000-08-12,cip,2025-04-23
3001177,2001-05-15,diy,2025-04-12
3000639,1984-12-10,cip,2025-04-30
3001531,1991-04-16,cip,2025-04-29
3002572,1960-05-11,fip,2025-04-12
3000793,1997-11-12,diy,2025-04-27
3000480,1992-04-20,diy,2025-04-10
3001233,2003-08-07,cip,2025-04-22
3001731,1984-07-28,fip,2025-04-11
3001924,1990-01-02,cip,2025-04-15
1000854,1982-05-05,cip,2025-04-04
2920897,1988-05-02,diy,2025-04-02
3000441,1978-01-24,cip,2025-04-21
3000908,2000-01-12,fip,2025-03-11
3000968,1997-08-08,fip,2025-04-18
3001079,2001-04-18,diy,2025-03-16
2908392,1996-08-16,diy,2025-03-13
3000850,2004-07-25,fip,2025-03-20
3000883,2004-04-14,diy,2025-04-27
1000473,1985-05-01,cip,2025-04-29
3000014,2001-03-20,fip,2025-03-13
3001065,2002-02-14,fip,2025-04-22
3000799,2001-03-06,fip,2025-04-27
3000969,2002-09-04,cip,2025-03-31
3000611,2004-05-18,diy,2025-04-29
1000513,1991-01-01,cip,2025-03-09
1000199,1980-01-01,cip,2025-05-02
3000728,2002-04-10,fip,2025-04-02
3000914,2000-02-20,cip,2025-04-27
2921270,1981-09-16,diy,2025-03-30
2600150,1974-10-07,fip,2025-04-05
3001179,2003-08-30,fip,2025-03-24
3001437,1991-07-16,cip,2025-03-28
1002076,1990-01-01,cip,2025-04-19
3000783,2002-10-07,cip,2025-04-07
2635287,1990-01-11,diy,2025-04-14
1000509,1992-02-02,cip,2025-04-06
2600174,1987-10-13,cip,2025-04-05
2610530,1991-05-23,fip,2025-04-21
3000726,2000-07-26,diy,2025-03-21
3000691,2001-05-01,cip,2025-04-25
3000492,2002-06-01,cip,2025-04-27
1000470,1971-01-01,fip,2025-04-30
3000972,1990-11-27,fip,2025-05-04
3000892,2004-07-13,fip,2025-03-17
3001029,2000-11-20,fip,2025-03-15
3001737,1991-11-22,diy,2025-03-24
3000542,2000-04-19,diy,2025-03-16
3001087,1999-08-24,fip,2025-04-28
3001025,1997-10-21,cip,2025-04-22
3000698,1999-06-20,fip,2025-05-05
3001121,1979-11-01,fip,2025-04-12
3000455,1992-09-01,cip,2025-04-03
3001709,1991-07-16,cip,2025-03-10
3001674,1991-07-16,fip,2025-04-27
3000720,2000-05-25,fip,2025-03-30
3000452,1997-08-25,diy,2025-04-14
3001115,2001-11-29,cip,2025-03-24
3001395,2003-04-18,fip,2025-04-05
3000636,2000-08-02,diy,2025-03-27
3001455,1991-07-16,fip,2025-03-10
2600050,2000-01-28,diy,2025-03-12
3001031,2003-10-19,diy,2025-03-22
3001058,1990-08-16,diy,2025-03-28
3001829,1991-07-16,fip,2025-03-17
3000813,2003-07-02,diy,2025-03-13
2908354,2000-05-10,cip,2025-04-13
3000880,2002-06-09,fip,2025-04-06
3001232,1998-11-05,fip,2025-03-28
3001388,1997-09-02,cip,2025-04-27
2645638,1980-01-01,cip,2025-04-17
3001235,1995-09-27,diy,2025-03-25
3001368,2002-09-22,cip,2025-03-31
3001465,1978-01-01,cip,2025-04-29
3001008,1990-12-23,cip,2025-04-06
3000471,1996-11-01,diy,2025-04-04
3000541,1999-05-30,fip,2025-04-10
3000842,2002-09-02,diy,2025-04-05
3001163,2002-01-16,fip,2025-05-04
3001277,2002-10-13,diy,2025-03-20
3001103,1961-11-13,fip,2025-04-24
3001172,2003-12-12,diy,2025-03-20
3002568,1988-11-13,diy,2025-03-09
3001356,1996-11-25,diy,2025-04-07
3000557,1993-05-25,fip,2025-04-30
3001739,1985-03-16,diy,2025-03-28
3000938,2002-06-25,diy,2025-04-17
3000445,2002-01-19,fip,2025-05-04
3001005,1995-01-26,fip,2025-04-18
3001316,1993-05-26,fip,2025-04-21
3000998,2001-10-30,fip,2025-04-30
3001225,1987-05-27,cip,2025-03-23
3001063,1999-07-08,diy,2025-04-12
3000538,1986-06-29,cip,2025-05-06
3001337,1986-06-23,diy,2025-05-03
3000502,1993-09-01,fip,2025-04-26
2920922,1990-08-14,diy,2025-03-30
3001169,1997-12-07,cip,2025-04-06
3000886,2003-05-28,fip,2025-04-05
3001109,2001-04-25,fip,2025-03-22
3000399,1991-07-20,diy,2025-04-11
2600128,1983-07-01,diy,2025-04-21
3001276,2003-11-16,diy,2025-03-13
3000825,1999-07-01,diy,2025-04-01
3000688,1995-06-06,fip,2025-04-11
3001244,1998-10-16,diy,2025-04-16
3000643,2001-08-07,fip,2025-03-18
3000772,2001-04-02,cip,2025-04-26
1000869,1965-01-01,fip,2025-05-06
3000768,1991-09-30,cip,2025-03-18
3001102,1973-05-09,fip,2025-03-17
3000791,2001-09-09,cip,2025-03-10
2632406,1971-09-28,fip,2025-03-31
3001379,2001-03-30,diy,2025-04-19
3001467,1991-07-16,diy,2025-05-03
3001182,2000-04-08,diy,2025-03-09
3001274,2002-08-09,diy,2025-04-19
3000552,1978-07-26,cip,2025-03-10
3001145,2001-08-25,fip,2025-03-24
2635258,1975-10-10,diy,2025-04-07
2908239,1978-08-12,fip,2025-05-02
3000472,2002-01-06,cip,2025-04-29
2921001,1981-07-10,diy,2025-04-21
3001880,1999-03-10,diy,2025-03-23
3001129,2001-02-03,fip,2025-03-26
3001429,1991-07-16,fip,2025-03-26
3001384,2001-02-22,diy,2025-05-01
3000961,1993-01-22,fip,2025-04-28
1000487,1987-05-16,cip,2025-03-31
3001464,1991-07-16,fip,2025-03-23
3001165,2001-04-20,cip,2025-04-28
3000696,2002-04-29,cip,2025-04-07
3001324,1997-08-24,diy,2025-04-24
3001017,1990-03-10,fip,2025-03-30
1000828,1980-01-01,diy,2025-04-26
3001183,1999-03-21,cip,2025-03-25
3001391,1990-02-10,fip,2025-04-22
2635263,1995-03-20,cip,2025-03-27
3001836,1973-02-07,diy,2025-05-03
3000299,1940-01-01,fip,2025-05-01
2908331,1987-08-01,fip,2025-04-01
2908357,2000-06-24,diy,2025-03-23
3000899,2004-05-11,cip,2025-04-25
3000935,2003-10-30,diy,2025-04-22
3000512,1993-12-17,diy,2025-03-31
3001295,1998-06-04,fip,2025-04-25
3001456,1991-07-16,fip,2025-05-06
3001204,1990-09-08,cip,2025-03-15
3000193,1991-07-16,cip,2025-04-27
3000010,1991-07-20,fip,2025-03-25
3001084,1996-11-19,diy,2025-03-27
3001798,1976-01-01,cip,2025-03-16
3000613,1978-03-15,diy,2025-04-12
3001297,1995-03-27,fip,2025-04-17
3001838,1991-07-16,fip,2025-04-16
2921099,1982-07-10,fip,2025-04-06
2908293,1987-07-26,diy,2025-05-06
2921024,1972-12-10,cip,2025-04-09
3002563,1982-04-24,diy,2025-03-09
3000701,1997-11-12,fip,2025-03-28
3001883,1997-07-10,fip,2025-03-13
3001438,1991-07-16,fip,2025-04-30
1000479,1975-05-05,diy,2025-04-24
3000444,1979-06-13,fip,2025-03-13
3000463,2002-02-20,diy,2025-04-09
3001328,1999-03-09,cip,2025-04-12
3000756,2002-07-10,diy,2025-05-01
3000743,1987-04-29,fip,2025-04-09
3000795,2004-02-12,cip,2025-04-12
3000832,1999-11-15,fip,2025-03-30
3001377,1976-11-12,diy,2025-03-23
1000519,1992-02-02,fip,2025-04-10
1000524,1982-09-05,cip,2025-03-26
1000500,1987-04-05,diy,2025-04-01
3000936,2001-08-07,fip,2025-04-23
3000835,1999-10-13,diy,2025-04-14
3000602,2004-07-09,diy,2025-03-27
3000522,1999-08-12,cip,2025-03-13
2610537,1983-01-02,fip,2025-04-09
3001893,1991-07-16,diy,2025-03-09
3000981,2002-02-12,fip,2025-03-15
3001302,2001-09-24,diy,2025-03-12
3000780,2003-01-22,fip,2025-05-01
3001222,1997-02-28,diy,2025-04-04
3001089,1994-09-13,fip,2025-05-01
3001336,2000-02-08,diy,2025-04-15
3000763,2004-03-18,fip,2025-05-07
2921101,1981-07-10,diy,2025-03-21
2899932,2000-11-01,cip,2025-03-22
3001548,1991-07-16,cip,2025-05-01
3000469,2000-11-28,diy,2025-04-05
3000625,1992-08-24,cip,2025-05-07
3000735,1997-01-22,diy,2025-05-06
3000848,2004-04-20,fip,2025-04-28
3000624,2001-09-24,diy,2025-05-06
1000858,1970-01-04,diy,2025-05-04
3001530,2003-06-03,cip,2025-03-29
3001786,1977-01-01,cip,2025-03-26
3001206,1978-07-06,fip,2025-04-16
2908370,1986-08-15,diy,2025-04-27
3001372,2004-03-13,cip,2025-03-27
2921102,1981-07-10,diy,2025-04-08
3001965,2002-03-07,cip,2025-04-25
1000864,1987-07-01,diy,2025-04-18
3000640,1984-02-21,fip,2025-04-11
3001353,2002-08-25,cip,2025-03-17
3000734,2001-07-03,diy,2025-04-30
3001509,1940-01-01,cip,2025-04-11
3001339,2001-09-27,fip,2025-03-11
3000687,1998-12-11,cip,2025-03-18
3001266,2000-08-22,diy,2025-04-25
3001195,1998-09-11,fip,2025-03-29
3001446,1991-07-16,cip,2025-04-27
3000006,1982-01-01,fip,2025-04-08
3000787,1998-11-21,diy,2025-03-30
3000459,2000-06-19,diy,2025-04-30
3001543,1991-07-18,cip,2025-04-05
3000714,1997-10-20,diy,2025-04-21
3000754,2001-11-29,diy,2025-04-03
3000906,1994-11-12,fip,2025-03-30
3001190,1999-09-10,cip,2025-04-14
3000458,1981-12-18,diy,2025-04-14
3001839,1991-07-20,cip,2025-04-13
3000751,1997-03-18,diy,2025-05-01
3000965,2001-11-16,fip,2025-03-16
3000821,1997-08-04,cip,2025-04-04
2908366,1972-08-24,diy,2025-04-01
3000830,2004-05-29,fip,2025-03-14
2921271,1999-08-25,cip,2025-03-18
2921092,1977-10-19,diy,2025-03-16
1000517,1981-01-21,diy,2025-03-13
3000765,1998-03-14,cip,2025-04-16
3001073,1990-08-22,cip,2025-04-30
3001041,2000-12-02,cip,2025-04-20
3000831,2003-08-17,cip,2025-04-08
3001482,1940-01-01,cip,2025-04-18
2921041,1960-04-01,fip,2025-03-30
3000798,2002-09-23,diy,2025-04-10
3001778,1940-01-01,diy,2025-05-01
3000930,2002-08-27,cip,2025-05-07
3001532,1991-07-20,diy,2025-04-03
1000515,1979-08-05,diy,2025-03-13
3001174,2001-09-06,diy,2025-04-10
3000804,1996-08-05,fip,2025-03-23
3000517,1998-01-05,diy,2025-03-27
3000927,1969-09-30,diy,2025-03-09
2921096,1981-07-10,diy,2025-04-22
3001166,1998-02-07,fip,2025-04-02
3001213,1978-10-26,cip,2025-04-17
3000605,1997-05-05,fip,2025-03-22
3000503,2003-12-01,cip,2025-03-20
3000926,1998-11-18,fip,2025-03-10
3000576,1999-06-17,cip,2025-04-21
3001039,1999-08-03,cip,2025-03-24
3001470,1940-01-01,cip,2025-03-24
3000656,2002-02-12,diy,2025-03-29
2908352,2000-09-14,fip,2025-03-27
3001130,1973-11-10,cip,2025-03-22
3001516,1991-07-20,cip,2025-05-02
1000510,1991-11-29,fip,2025-04-07
2908327,1996-06-22,fip,2025-05-01
3000606,1999-02-24,fip,2025-03-29
3001747,1988-11-22,diy,2025-04-01
3000620,1996-09-27,cip,2025-04-26
3000819,2003-07-09,fip,2025-03-13
3000493,1982-12-15,fip,2025-04-26
3001500,1940-01-01,fip,2025-03-27
2600161,1955-04-11,fip,2025-04-03
3000551,1975-09-16,diy,2025-04-05
1000839,1987-07-04,cip,2025-04-03
3001124,1998-08-28,fip,2025-04-13
3000496,2000-01-26,diy,2025-04-18
3001381,2003-05-09,diy,2025-04-24
3000527,1995-04-03,cip,2025-04-26
3000952,1998-12-09,diy,2025-04-05
3001457,1991-07-16,cip,2025-03-25
3001458,1991-07-16,cip,2025-03-19
3001067,1994-05-12,diy,2025-04-11
3000960,1973-05-28,cip,2025-03-09
3001192,2001-04-28,fip,2025-04-04
1000526,1979-12-01,diy,2025-04-20
3001292,2000-07-17,diy,2025-04-23
3000721,1999-02-12,cip,2025-03-26
3000415,1991-07-20,fip,2025-04-02
3000973,1978-09-16,cip,2025-05-04
3000543,1998-11-16,fip,2025-04-15
3000777,1992-09-14,diy,2025-04-07
3001152,2003-06-22,cip,2025-03-16
3000738,2001-10-11,cip,2025-03-20
3001327,2000-04-04,cip,2025-04-19
3000630,2003-10-29,diy,2025-03-17
2908324,1987-08-01,diy,2025-04-06
3001361,1998-10-30,fip,2025-05-05
3001439,1991-07-16,fip,2025-04-25
3000513,2001-09-29,cip,2025-04-15
3001359,1974-01-26,diy,2025-03-25
3001180,2002-01-25,diy,2025-03-17
3000495,2004-08-08,diy,2025-03-16
2635297,1987-04-01,fip,2025-03-31
3000724,2000-11-10,fip,2025-04-06
3001144,1999-03-13,diy,2025-03-27
2921097,1981-07-10,fip,2025-04-24
2600066,1990-09-04,cip,2025-03-19
3000746,1988-07-18,cip,2025-04-30
3001890,1991-07-20,cip,2025-04-27
3000672,2003-12-26,cip,2025-03-23
3000677,2002-07-10,cip,2025-04-29
2920886,1988-03-16,fip,2025-04-01
3000529,1993-11-14,diy,2025-03-30
3000632,1991-02-28,cip,2025-04-10
3001435,1991-07-16,fip,2025-05-02
3001378,1993-09-13,fip,2025-04-04
3001278,2000-12-06,diy,2025-04-04
1294412,1987-09-11,cip,2025-04-10
2920996,1981-07-10,diy,2025-04-03
3000962,2001-09-07,diy,2025-04-11
3000682,1996-07-27,cip,2025-04-06
3001424,1991-07-16,fip,2025-04-13
3000510,1984-05-14,cip,2025-03-17
3001826,1991-07-16,cip,2025-03-24
2600026,1981-09-11,diy,2025-03-28
3000989,2002-07-26,cip,2025-03-20
3000755,1997-02-11,diy,2025-04-05
1000476,1981-09-01,diy,2025-03-14
3000545,1997-09-15,diy,2025-04-15
3001333,1996-01-02,diy,2025-03-29
2600055,2000-01-01,fip,2025-03-11
1000523,1973-11-02,diy,2025-05-07
3001106,2001-10-10,cip,2025-03-31
3001293,2004-02-28,cip,2025-03-25
2908363,2005-11-16,cip,2025-04-01
3000396,1991-07-20,diy,2025-04-16
1000482,1981-09-05,fip,2025-04-10
2908360,1998-08-18,diy,2025-03-29
3000619,2004-05-02,cip,2025-04-18
3001898,1991-07-16,fip,2025-04-01
3000440,2002-05-02,fip,2025-05-01
3000559,1999-03-12,fip,2025-04-27
3002553,1984-07-29,fip,2025-03-31
3000982,1981-05-15,cip,2025-04-23
2921104,1981-07-20,fip,2025-03-13
3000801,2002-09-08,diy,2025-04-22
2770504,1990-01-01,fip,2025-04-23
3001542,1991-07-20,fip,2025-05-05
3000879,2004-01-13,fip,2025-03-19
3000876,2003-03-20,cip,2025-03-30
2908336,1982-01-01,fip,2025-03-23
2645637,1980-01-01,cip,2025-03-20
3000941,2000-01-06,cip,2025-04-22
3001547,1979-05-01,fip,2025-03-17
2600078,1995-06-13,diy,2025-04-17
3001283,2001-06-25,diy,2025-03-20
3000635,1991-05-02,diy,2025-04-21
1000507,1992-11-05,cip,2025-03-09
3000580,2002-05-29,fip,2025-04-17
3000739,2001-12-04,fip,2025-05-01
3001044,1999-01-22,diy,2025-04-12
2908399,1990-08-15,fip,2025-04-26
3000466,1991-10-01,cip,2025-04-02
3001140,1999-05-14,diy,2025-03-18
3001730,1995-08-03,cip,2025-03-14
3001018,2001-08-08,fip,2025-03-22
2600109,1970-10-25,diy,2025-04-23
3000540,1996-12-03,cip,2025-04-06
2908323,1987-08-01,cip,2025-03-30
3001088,1998-09-26,diy,2025-04-07
3000553,1969-02-12,cip,2025-03-28
3000870,2003-03-05,diy,2025-04-21
3000964,2004-06-10,cip,2025-03-27
3001094,1994-05-05,cip,2025-04-12
3000843,2001-05-03,diy,2025-03-26
1294414,1989-09-11,cip,2025-04-07
3001187,2003-09-21,fip,2025-04-05
2921032,1975-08-01,fip,2025-05-07
3001125,1988-08-05,fip,2025-05-05
3001743,1980-12-20,diy,2025-05-06
3001210,2000-09-24,diy,2025-03-19
2908376,1991-08-13,cip,2025-03-26
3000917,1989-09-26,diy,2025-04-24
3001827,1991-07-20,diy,2025-03-27
3000897,1985-08-10,cip,2025-04-27
3000705,1994-07-10,diy,2025-04-04
3001248,2003-01-03,diy,2025-03-31
3001791,1956-02-02,diy,2025-03-19
3001160,1996-01-23,diy,2025-04-07
3001261,2000-06-18,cip,2025-04-15
3000531,1994-12-09,cip,2025-03-13
3000473,1999-12-08,diy,2025-03-12
3001451,1991-07-16,diy,2025-03-23
3001319,1994-06-10,cip,2025-03-12
1000861,1980-04-01,cip,2025-04-02
3000646,1998-08-26,cip,2025-03-24
2600122,1965-08-01,cip,2025-03-20
2600127,1965-08-02,cip,2025-03-29
2635255,1985-07-04,diy,2025-03-19
3000718,2002-05-25,cip,2025-04-22
3000856,2002-03-29,fip,2025-03-15
3001070,1996-10-04,diy,2025-05-02
3001442,1991-07-16,cip,2025-03-31
3000888,1999-09-27,diy,2025-04-17
3000894,2003-08-05,fip,2025-03-15
2635295,1963-08-05,fip,2025-05-01
3001291,1993-05-29,cip,2025-04-13
3000933,1996-10-22,fip,2025-03-18
3001383,1992-08-27,fip,2025-04-09
3001279,1995-08-20,diy,2025-03-12
3000928,2003-11-16,diy,2025-04-20
3000683,2002-08-02,fip,2025-03-17
3000616,2002-05-27,fip,2025-04-01
1000825,1972-06-06,diy,2025-04-09
3000670,1999-01-04,fip,2025-04-13
3001042,1993-09-03,cip,2025-04-12
3000548,1979-12-11,fip,2025-03-30
1294411,1986-09-07,fip,2025-04-03
1000506,1982-02-02,diy,2025-03-29
2908364,2002-08-18,cip,2025-04-29
3000828,2000-05-14,cip,2025-05-05
2908351,1990-01-01,diy,2025-04-21
3000406,1991-07-20,cip,2025-03-20
3000449,1995-03-05,cip,2025-03-24
3000489,1997-07-15,fip,2025-03-28
2920999,1981-07-10,diy,2025-05-02
1000503,1982-02-02,fip,2025-04-17
2908342,1997-03-19,diy,2025-03-12
3001515,1991-07-20,diy,2025-05-06
3000634,1999-07-07,cip,2025-05-05
3000692,2001-02-16,fip,2025-03-31
3000564,2003-03-26,fip,2025-03-15
3000857,1985-10-16,diy,2025-05-05
3000642,2002-04-05,cip,2025-04-19
3000913,2002-04-26,cip,2025-03-18
3000932,2002-01-14,fip,2025-05-01
3001790,1966-01-01,diy,2025-03-22
3000924,1997-10-01,cip,2025-04-16
3000758,2002-12-07,fip,2025-04-08
3001342,2002-05-20,fip,2025-05-05
3000997,2003-07-16,fip,2025-04-11
3001367,2001-09-26,cip,2025-04-07
3001285,2002-07-15,cip,2025-04-18
3001896,1991-07-16,fip,2025-03-13
3001256,1997-12-14,cip,2025-03-24
3000882,2003-10-05,fip,2025-04-22
3001113,1997-04-02,fip,2025-04-18
3000500,2003-10-12,fip,2025-03-13
3000749,2002-06-27,fip,2025-03-31
2600126,1985-09-01,fip,2025-04-14
2908353,2001-01-16,cip,2025-05-07
3000885,2004-06-25,cip,2025-04-11
3002570,1992-08-27,cip,2025-03-12
3001374,1999-05-13,fip,2025-04-24
3001000,2003-07-09,fip,2025-04-19
2600005,1990-01-01,cip,2025-03-10
3001800,1999-01-01,diy,2025-04-26
3002561,1985-03-17,cip,2025-04-01
2918113,1980-01-01,cip,2025-03-16
3000416,1991-07-20,diy,2025-03-29
3001697,1991-07-20,cip,2025-03-10
2600062,2000-01-01,diy,2025-03-15
3001038,2000-11-30,diy,2025-04-09
3001066,2002-02-07,fip,2025-03-17
1000855,1980-07-01,cip,2025-04-30
3000686,2001-03-12,fip,2025-05-07
2920997,1981-07-10,cip,2025-04-02
3002562,1981-06-03,cip,2025-04-06
3001021,1997-01-10,cip,2025-04-25
3001057,1999-09-17,diy,2025-04-02
3000536,1998-05-25,cip,2025-05-05
3000663,1966-01-04,fip,2025-04-19
2918112,1980-01-01,fip,2025-03-27
1000516,1984-12-09,diy,2025-04-14
3001440,1991-07-16,diy,2025-04-04
3001216,1999-10-25,fip,2025-03-30
3000919,1988-08-09,fip,2025-03-15
3001309,1970-03-02,fip,2025-05-06
3000579,1996-03-08,cip,2025-04-15
3000659,1997-04-21,fip,2025-04-27
3000556,1991-12-12,diy,2025-04-01
3000844,1997-10-08,cip,2025-05-03
3001032,1996-08-27,cip,2025-03-15
3001240,1976-08-14,fip,2025-05-06
3001188,1999-11-27,diy,2025-03-23
3000030,1968-01-01,cip,2025-04-28
3000509,2003-01-13,cip,2025-04-13
3000684,1996-03-13,fip,2025-03-28
3001485,1940-01-01,fip,2025-03-26
3001396,2001-05-24,fip,2025-04-09
3001053,1999-08-31,cip,2025-04-02
3001312,2002-08-16,cip,2025-05-02
3001149,1996-07-26,diy,2025-04-21
3001793,1946-04-04,fip,2025-05-05
2920911,1978-07-01,diy,2025-04-28
2600124,1987-09-04,cip,2025-04-21
3000015,1991-07-16,fip,2025-03-28
3001894,1991-07-16,fip,2025-04-29
3000820,1996-05-25,fip,2025-04-09
3000748,1994-05-11,cip,2025-03-30
3001280,1999-08-16,fip,2025-03-17
2600107,1989-10-25,cip,2025-03-28
3000694,2001-05-10,diy,2025-04-15
2646904,2020-12-23,diy,2025-04-26
1000830,1975-08-01,fip,2025-04-17
3000841,2000-04-16,diy,2025-04-29
2908337,1974-11-10,cip,2025-03-19
3002564,1991-07-05,fip,2025-03-14
3001239,2002-06-03,cip,2025-03-12
3001282,1999-07-06,diy,2025-03-13
1000471,1962-01-01,cip,2025-05-05
3000797,1972-10-13,fip,2025-04-07
3000923,2000-03-18,cip,2025-03-24
2570408,1973-09-11,diy,2025-03-26
2921093,1989-08-13,diy,2025-04-12
3000860,2003-10-25,diy,2025-04-01
3000457,1990-08-07,diy,2025-04-15
3000994,2001-11-10,cip,2025-04-19
