participant_declaration_id,delivery_partner_id,urn
590bab15-7a64-4376-ab7e-5502311b84f2,02a16d6b-cebd-433c-abcd-a15a1ecf8cc4,103600
5e846cb0-5b2a-4db7-b0a3-f6403e966bfb,02a16d6b-cebd-433c-abcd-a15a1ecf8cc4,103600
62ebac5c-4de2-4c46-a45d-14bb9da3b263,02a16d6b-cebd-433c-abcd-a15a1ecf8cc4,103600
9b8d9aea-d1fc-4a02-a379-301f9c1c411a,02a16d6b-cebd-433c-abcd-a15a1ecf8cc4,103600
b67c5d98-146c-495c-b0e4-2ba9999c2d75,02a16d6b-cebd-433c-abcd-a15a1ecf8cc4,103600
f8bfb3fb-2dc2-4afd-a558-2d9210270e26,02a16d6b-cebd-433c-abcd-a15a1ecf8cc4,103600
d0f3c272-9dd9-439c-b770-8050020c9336,02a16d6b-cebd-433c-abcd-a15a1ecf8cc4,144721
099050fc-bd11-4a75-9ec7-7c7cf3adda08,02a16d6b-cebd-433c-abcd-a15a1ecf8cc4,139162
15d13629-6aff-4c93-b313-ecb4fd5b7f88,02a16d6b-cebd-433c-abcd-a15a1ecf8cc4,103600
48edcd00-0429-4bc5-b26e-250364eaffc0,02a16d6b-cebd-433c-abcd-a15a1ecf8cc4,103600
66909d16-2d2d-4380-9d9b-bc8f2e5740fe,02a16d6b-cebd-433c-abcd-a15a1ecf8cc4,103600
9ba13f3c-771c-4394-aff7-b11a967d8d66,02a16d6b-cebd-433c-abcd-a15a1ecf8cc4,103600
be7d625a-75de-471f-82b4-a65168f13c55,02a16d6b-cebd-433c-abcd-a15a1ecf8cc4,103600
e56f24d6-9314-43e5-9ab1-bbe9273ea47d,02a16d6b-cebd-433c-abcd-a15a1ecf8cc4,103600
059a5a68-8ad9-43f8-82f9-f8811139cad4,02a16d6b-cebd-433c-abcd-a15a1ecf8cc4,138281
059d4706-5b42-4e12-a801-0e0a5f0585ec,02a16d6b-cebd-433c-abcd-a15a1ecf8cc4,138281
65005d17-83ab-4fa1-bee6-6eff9fe00284,02a16d6b-cebd-433c-abcd-a15a1ecf8cc4,138281
fe843456-0c2c-4704-b247-927ff6ed405d,02a16d6b-cebd-433c-abcd-a15a1ecf8cc4,138281
308d9220-799a-47b8-931c-5c66d7f81fa6,02a16d6b-cebd-433c-abcd-a15a1ecf8cc4,142230
32a5687a-8598-46d0-83a0-eafd4db8e99b,02a16d6b-cebd-433c-abcd-a15a1ecf8cc4,143089
6407511d-07e7-4b01-93e0-0f5e447cf4cf,02a16d6b-cebd-433c-abcd-a15a1ecf8cc4,103444
af3c8801-50e1-485c-b5e9-1d2c1e3bca56,02a16d6b-cebd-433c-abcd-a15a1ecf8cc4,103444
c96ae046-e282-47a7-be69-346c6faafa61,02a16d6b-cebd-433c-abcd-a15a1ecf8cc4,139162
83ab1d27-86ec-4196-bc2d-17b4c6a8a434,02a16d6b-cebd-433c-abcd-a15a1ecf8cc4,141319
dc0e8f49-a190-4f05-84fc-1070e8bdbcb4,02a16d6b-cebd-433c-abcd-a15a1ecf8cc4,148316
6cd9213a-cdbc-4a92-ada9-e3ada8fbe063,02a16d6b-cebd-433c-abcd-a15a1ecf8cc4,137209
1ec02097-f2fd-4fda-aa8a-733c84ab3f36,044e9535-5361-4467-9dd8-ba984e38204b,137421
e158e57c-23e8-49a3-bb62-811aff81fede,044e9535-5361-4467-9dd8-ba984e38204b,119549
f1b51646-a768-4e86-9d29-b3c1e0f3f576,044e9535-5361-4467-9dd8-ba984e38204b,119184
3bb8b02f-ba7e-4f4d-9385-2338a76b5f4a,060c7213-56d9-452c-9cf3-3088419ac3ce,142273
5dc08748-1715-47a7-81c2-12fadb22d854,060c7213-56d9-452c-9cf3-3088419ac3ce,142365
4041cb17-e514-4e98-af4b-c21e69c0fadf,060c7213-56d9-452c-9cf3-3088419ac3ce,141370
696b59c2-d0f5-45d4-b1e5-9d4f235b15cf,060c7213-56d9-452c-9cf3-3088419ac3ce,141370
958b9bb1-1d2b-47e3-b807-c3b6d94cc9d3,060c7213-56d9-452c-9cf3-3088419ac3ce,151742
f7c0ef4c-0d58-47a3-82cb-f8b5e59ababf,060c7213-56d9-452c-9cf3-3088419ac3ce,148279
fc20e9e2-70ea-4311-9ca7-146f174f3349,060c7213-56d9-452c-9cf3-3088419ac3ce,151742
6b5572f2-d73f-4a8e-b274-f79db677d7a2,060c7213-56d9-452c-9cf3-3088419ac3ce,146680
d04f2dd3-26fe-4abc-b685-42086edddbcc,064d523a-e79d-48b9-abca-cb6d44b93cf9,137442
19c08c9c-7ebc-4553-a996-ffb0ba854f0c,064d523a-e79d-48b9-abca-cb6d44b93cf9,137442
14c9dbf5-04c2-4dbc-bf70-4827d16dcc8c,064d523a-e79d-48b9-abca-cb6d44b93cf9,137442
2a4673d2-16cd-4285-9f7e-011f6e36a05b,07185568-5649-45a9-91c4-b1049ace3ab1,104905
861dcc0f-c009-4087-9fcf-972094795351,07185568-5649-45a9-91c4-b1049ace3ab1,104905
21f62500-1e17-44b3-b3f9-9387432cc42a,07185568-5649-45a9-91c4-b1049ace3ab1,104885
b83cabc1-cc77-45ae-b45a-d4bea6c6d022,07185568-5649-45a9-91c4-b1049ace3ab1,139368
8d27404d-e82b-45cc-97e5-77bb83b4be8f,07185568-5649-45a9-91c4-b1049ace3ab1,151777
eb5ffc20-12ce-4c04-a4ee-c7329c4146eb,07185568-5649-45a9-91c4-b1049ace3ab1,135877
d820c091-05f1-4ca4-8867-b07bf4128792,07185568-5649-45a9-91c4-b1049ace3ab1,146895
0ff8f5d9-39a0-4138-80f9-481ae7bebb5e,07185568-5649-45a9-91c4-b1049ace3ab1,137514
fe6a190c-1c52-4fe5-b5ef-acdda53ef1ea,07185568-5649-45a9-91c4-b1049ace3ab1,142154
fde3e15d-2244-47c5-977e-3e4541a7b404,07185568-5649-45a9-91c4-b1049ace3ab1,104769
84e88c23-53df-4522-9d4b-df40c97024a9,07185568-5649-45a9-91c4-b1049ace3ab1,144617
fc957ad2-7b01-425a-bcfd-01eb6cd899bd,07185568-5649-45a9-91c4-b1049ace3ab1,144617
54b95524-dcd7-49af-9b6e-eae2ccb060d7,07185568-5649-45a9-91c4-b1049ace3ab1,147262
d9bb615b-9b04-4632-9654-c89d221d1438,07185568-5649-45a9-91c4-b1049ace3ab1,147262
8c91775b-d5b1-4d93-89e7-8834611f81ff,07185568-5649-45a9-91c4-b1049ace3ab1,137612
b6dc508e-790f-4df3-a92c-c7705cfcc236,07185568-5649-45a9-91c4-b1049ace3ab1,137533
164ee6f1-f5d9-430b-a02c-8334eda6c70b,09fda33b-5c3d-46de-8c15-ff593ecf31db,144422
bfb5447a-1a85-48a2-9a3d-95862b6e94f4,0a235849-f5e8-4837-909e-e840850878aa,137767
87f836e6-83c1-449e-b933-7d2b4b18d888,0a378f65-d88d-4121-abc6-89c59c310c9d,136544
7afab317-627a-41d4-8c4e-e0baf685680a,0a378f65-d88d-4121-abc6-89c59c310c9d,121498
5e7378f3-82cb-4fc4-b8bd-354bdca85c2c,0a9cf1cf-8d2c-480a-bca9-fdde1bf1a96f,113399
90aec08b-d5b4-439f-bfc4-d7ae74e0c63d,0a9cf1cf-8d2c-480a-bca9-fdde1bf1a96f,113399
b9616d1c-47fc-4227-bfcd-1f58c9efb458,0a9cf1cf-8d2c-480a-bca9-fdde1bf1a96f,113399
98f30bf7-c3e6-4794-b3f3-1469e441b6a2,0d27a0a9-ca24-42a4-affa-14e057f6675c,149204
bb686a7c-fc36-43c9-a3cc-a2e3aab3b575,0d27a0a9-ca24-42a4-affa-14e057f6675c,110239
d30f42bf-46f8-4028-91e2-15bc1eff161d,0d27a0a9-ca24-42a4-affa-14e057f6675c,110239
414f2f6d-a77b-420a-8d12-371ec5346c4b,0d27a0a9-ca24-42a4-affa-14e057f6675c,136846
d0cb60e0-46df-4410-aa3f-392a325904ab,0d27a0a9-ca24-42a4-affa-14e057f6675c,136846
38443033-5e35-4e07-ab82-685f8621c887,0d27a0a9-ca24-42a4-affa-14e057f6675c,136781
47905755-9b90-45c3-9139-3e29ebcb4c53,0d27a0a9-ca24-42a4-affa-14e057f6675c,146377
45e4ae35-a4fa-44c3-b7f6-c2037c87dadc,10a445b0-40ef-4c11-93d3-2f2e20d79297,139804
558f3ed8-18ed-45be-a597-ad4ef23a13b3,129493af-aa11-4771-b029-3b438ce4a222,137695
8c275f05-5f34-458c-958d-5cef15c07b96,129493af-aa11-4771-b029-3b438ce4a222,136521
204c3d6a-7ee1-461c-a666-483f36a500ff,129493af-aa11-4771-b029-3b438ce4a222,110107
05a63830-0064-4692-9b7f-a8b949a45a38,129493af-aa11-4771-b029-3b438ce4a222,138166
3bbc1d29-cea1-4842-8a65-d006fd1a7ad4,129493af-aa11-4771-b029-3b438ce4a222,138166
78358a5f-291f-44db-827f-13efd964d4b9,129493af-aa11-4771-b029-3b438ce4a222,136521
08459905-c8a9-424c-8cf6-4a5c49e8f235,1371adfc-7172-436d-8f20-9a7936ea326f,141265
54bcc695-7cdd-4653-b3c5-aef4d9055da6,1371adfc-7172-436d-8f20-9a7936ea326f,143846
906f63b1-dad2-4ace-aaad-eb4337b1ccb1,1371adfc-7172-436d-8f20-9a7936ea326f,137136
3d74e41b-4647-4f93-b4a1-cbdae4ea03ca,14816035-c0d2-4f67-bbb9-3a2ddd6cd9c2,140308
ae7cf6a4-26a7-44bd-9a4b-4d62fac5ba4f,14816035-c0d2-4f67-bbb9-3a2ddd6cd9c2,115012
89e93d77-7357-48d5-abc8-795332097018,189dba9a-ac3a-4451-aa37-749259bc517d,106751
bde9068d-2a12-4f36-be63-2c2e61c93e1f,189dba9a-ac3a-4451-aa37-749259bc517d,139084
659d7462-2b1e-4561-8922-6e79882faecc,18dfa062-f68a-4d83-b0d9-49276f688773,104179
4d7cc0fb-df98-4e83-8fbe-5de4b906c286,18dfa062-f68a-4d83-b0d9-49276f688773,151995
a0205e77-0368-4211-8b9b-401ccd082256,18dfa062-f68a-4d83-b0d9-49276f688773,149608
d4d5c096-0242-4804-8eff-6271306ad8e1,1eca5cc6-61ea-4563-8426-6a52290c420a,138411
fb0241b8-181b-4cc0-9068-204a4b81d8de,1eca5cc6-61ea-4563-8426-6a52290c420a,138411
5755c290-ec99-4f34-bd11-46a699b8b952,1f35d63f-afb7-48c3-b9fa-fb1877fe12f3,135654
902b393c-9032-4dbb-b1d3-5f97569dee69,1f35d63f-afb7-48c3-b9fa-fb1877fe12f3,135654
c3ac4fe0-0467-4036-a746-b697b1aa0048,1f35d63f-afb7-48c3-b9fa-fb1877fe12f3,140394
febc9e6e-eb10-46a2-b669-12f6a9301ee1,1f35d63f-afb7-48c3-b9fa-fb1877fe12f3,140394
46812257-22cd-4f8d-8948-0dffd29b5cc5,1f918ebd-af81-4627-99e0-eb39ae37ee32,144182
e0b0897a-5782-4c99-a137-f74f2b79b536,1f918ebd-af81-4627-99e0-eb39ae37ee32,138836
fa903689-9fcd-4d62-861b-38b2321fd706,1f918ebd-af81-4627-99e0-eb39ae37ee32,136127
404610af-9f0c-4ca5-a640-8543a1006f27,2234e441-2e96-478d-92a9-ddfc5ed5e421,148684
dab5e2c0-23c4-48f2-aa43-0fe1a438f835,2234e441-2e96-478d-92a9-ddfc5ed5e421,137047
90add945-8679-4d8c-82da-4bfc698266d8,22c6284b-191e-43b5-907e-22380ed6962b,103830
9c841b13-399e-4c63-a4b0-6e5df5f877a6,22c6284b-191e-43b5-907e-22380ed6962b,103970
890447f9-e1c0-4839-9114-07825af25e4a,22c6284b-191e-43b5-907e-22380ed6962b,148340
01f58bb9-72e8-4329-8dd0-9919f2b8ff5b,263f7250-25d7-4a41-8476-b25e01c032d8,139288
52b7d665-4272-4404-9296-ab6664ab7c16,2a2a4305-dbd9-4e8f-b53f-0d33a08b51f5,136164
1957b0ea-0444-4a74-a2e5-f34c1b2026d0,2a96de71-cb75-4bf0-bf3c-ce9d8f6c7513,146793
4ef84b1e-17eb-4c3f-9e52-21dd6b400224,2f1b821c-856c-4e28-af07-c9b1e1ea458b,135968
23bf66d6-56be-42a4-8780-0c810743d525,2f1b821c-856c-4e28-af07-c9b1e1ea458b,137549
246b279f-ae63-43f5-a2a7-d128184ad3db,2f8523a4-8bd8-44b9-beca-2d723e83c1f7,150283
4c5fe776-154d-4c36-9efc-c9c859232c75,2f8523a4-8bd8-44b9-beca-2d723e83c1f7,150283
4c6597f6-6b71-44aa-8097-5bdddbe4a4dc,2f8523a4-8bd8-44b9-beca-2d723e83c1f7,150283
9cf59b02-87d7-4286-8513-f6bb73dab0f8,2f8523a4-8bd8-44b9-beca-2d723e83c1f7,150283
df8e8d34-ae5e-4b6f-ac34-d248c0743a9c,2f8523a4-8bd8-44b9-beca-2d723e83c1f7,150283
2d9f5e39-570e-43ad-8d08-1f4b681d1294,2f8523a4-8bd8-44b9-beca-2d723e83c1f7,146501
2d45d010-bdb3-46e4-8448-83f4c0a89d99,2f8523a4-8bd8-44b9-beca-2d723e83c1f7,135946
6d9ebce3-d786-4d2a-a67f-bfda5c56ed31,2f8523a4-8bd8-44b9-beca-2d723e83c1f7,148606
1dae2fa6-aea7-4026-aa35-d3ac59906cb9,34774594-1726-47e4-bad7-f336e4cc83e9,122465
e03b18fd-e2c5-4a29-8ce4-427397d1b75c,34774594-1726-47e4-bad7-f336e4cc83e9,122465
a85980d4-1e88-476b-8d94-cfb79f0c113e,34774594-1726-47e4-bad7-f336e4cc83e9,112614
e3b02d80-a542-4c79-8d0a-09c04031531b,34774594-1726-47e4-bad7-f336e4cc83e9,112614
1f0e70eb-8a29-4595-8883-dded433c243f,34774594-1726-47e4-bad7-f336e4cc83e9,122955
5f968251-3b95-4a83-82a8-104b34c62b86,34774594-1726-47e4-bad7-f336e4cc83e9,122955
627a4ad5-8290-4369-943a-e8686ffe0eb1,34774594-1726-47e4-bad7-f336e4cc83e9,122955
be9d10aa-bedb-4aa5-80ab-04bceec99e05,34774594-1726-47e4-bad7-f336e4cc83e9,122955
1528a109-fad0-4daa-aae5-b09d1769b50a,38202174-e3f9-4bbe-b5dd-1a8eeec0f226,146726
230c23ff-ada7-4568-ba95-8b35bb886a59,38202174-e3f9-4bbe-b5dd-1a8eeec0f226,146726
3ad4edd8-39cc-492d-9726-d40c184d2b9d,38202174-e3f9-4bbe-b5dd-1a8eeec0f226,146726
4303b0ca-bfd1-4a76-8519-0a68337eedfd,38202174-e3f9-4bbe-b5dd-1a8eeec0f226,146726
80bcc467-86ba-4c50-bd9f-906134fc4d41,38202174-e3f9-4bbe-b5dd-1a8eeec0f226,146726
98f852d6-380c-4ea1-b1bc-365a54b9eb7d,38202174-e3f9-4bbe-b5dd-1a8eeec0f226,146726
ceb00337-a3e2-49bf-b9fe-0799dc56d28d,38202174-e3f9-4bbe-b5dd-1a8eeec0f226,146726
9202b598-131c-414c-9452-773c8e12dbdf,38202174-e3f9-4bbe-b5dd-1a8eeec0f226,141300
e92eea80-3e47-45fa-b02d-cce6fd564077,38202174-e3f9-4bbe-b5dd-1a8eeec0f226,137924
7d923a96-a705-4784-a210-260bbb0d0095,38202174-e3f9-4bbe-b5dd-1a8eeec0f226,136332
f1df2ef2-a788-4ea0-bde3-4cc10cc1a0fe,38202174-e3f9-4bbe-b5dd-1a8eeec0f226,138595
37e84dde-94c7-4623-9d8f-1f0ffb956096,38202174-e3f9-4bbe-b5dd-1a8eeec0f226,137826
81445a3d-ec1b-4ab9-b7d2-9734311914bf,3a933b3a-77e0-401d-9ce5-1c673a8f595b,144231
f63429a6-b5b9-4cd3-9b45-b01ebce853e9,3a933b3a-77e0-401d-9ce5-1c673a8f595b,145324
79d20e9b-feb8-4a0b-8332-37c844b8bc17,43e3fe10-64ec-4dee-9cba-31b06dbc4201,144766
d10d7302-4d45-4b82-96f6-4accdb5a73eb,441dec4c-3877-426b-b92b-b9bebcc9a1ee,147875
ff96315e-a455-4635-bb4b-a492a7e941ca,441dec4c-3877-426b-b92b-b9bebcc9a1ee,150407
e4872f5d-65eb-48c6-a947-a4d7fd56c7b4,441dec4c-3877-426b-b92b-b9bebcc9a1ee,119184
79fd983b-ed8d-4e26-b508-0e0a5a799540,441dec4c-3877-426b-b92b-b9bebcc9a1ee,134994
3ce88e39-10b9-490e-b106-6b1dc46ab0dc,44a1c15f-50fd-4a24-a14e-a8ea5288086d,143196
96e8996f-3522-4168-8cf8-ad1fcc4332c6,47b4da45-f170-4719-b146-7f479cfa4f77,135959
5b7e64cb-1361-4ef7-9831-9f4bc25cffe9,4c00f6c4-0ada-4ad9-8021-e73144d32564,144861
4a759171-28e7-49c0-b75e-8db1e61ed9a2,4c00f6c4-0ada-4ad9-8021-e73144d32564,135935
4ae8ea60-6341-4f13-ab79-ec6fdfa77607,4c00f6c4-0ada-4ad9-8021-e73144d32564,135935
b5d1e990-7da8-4055-ba4a-62cd582df65a,4c00f6c4-0ada-4ad9-8021-e73144d32564,138190
bea9686f-7eac-4dff-8534-dd31cdcbd8da,4c00f6c4-0ada-4ad9-8021-e73144d32564,107863
0723e9d4-fbe6-487c-8afa-9a2b3557bcf3,4c00f6c4-0ada-4ad9-8021-e73144d32564,135935
0f3681a0-6c8d-4f17-b56b-f3838201cdf4,4c00f6c4-0ada-4ad9-8021-e73144d32564,135935
773ada6d-6408-43df-a235-fe3c434a832e,4c00f6c4-0ada-4ad9-8021-e73144d32564,135771
80c8ba85-cebe-4381-8df5-880fed2f751a,4c00f6c4-0ada-4ad9-8021-e73144d32564,107265
e55de4bb-0b4c-4402-96d6-3bf1f854ceb0,5259de93-5561-4090-9866-453cc15729e2,142900
2d9bdfd1-2c12-421f-8610-8651d2e09dcf,53104545-a0f8-4132-8787-5ee179b8eb4b,107486
9e5c597c-6930-401d-9c73-6df9505c8bce,53104545-a0f8-4132-8787-5ee179b8eb4b,107486
c292d71b-0ac9-4561-b9af-15a6d138e533,53104545-a0f8-4132-8787-5ee179b8eb4b,107486
629cd5eb-a14c-48d1-97dc-303ba9cd92c5,56bf6d6b-a062-4cb7-8fb8-5ad2f6fa610a,112516
682e8ab1-8840-4a7b-ac72-4194e0efe1d0,56bf6d6b-a062-4cb7-8fb8-5ad2f6fa610a,112516
690258a7-9e31-4fbb-9b71-1b45900b8816,56bf6d6b-a062-4cb7-8fb8-5ad2f6fa610a,112516
70ba3ed1-b278-4a80-b71f-05711bf84265,56bf6d6b-a062-4cb7-8fb8-5ad2f6fa610a,112516
735d291b-48da-4cc0-acb7-b40145409d03,56bf6d6b-a062-4cb7-8fb8-5ad2f6fa610a,112516
d403afd6-bcaf-498b-9089-0feca9990cfb,56bf6d6b-a062-4cb7-8fb8-5ad2f6fa610a,112516
cbd5e3bc-3078-4949-bb1e-d91f5d86101d,56bf6d6b-a062-4cb7-8fb8-5ad2f6fa610a,141544
518091d0-66b9-4107-bbe2-a17124d046d6,56bf6d6b-a062-4cb7-8fb8-5ad2f6fa610a,140548
f394b1d5-f58e-4209-8f98-c8c919c3a4de,56bf6d6b-a062-4cb7-8fb8-5ad2f6fa610a,140548
690f61c8-bb03-4d3f-8b9c-c6ccc8237ab4,56bf6d6b-a062-4cb7-8fb8-5ad2f6fa610a,138628
ab25d5a3-b686-40e4-98dd-5920f712d730,56bf6d6b-a062-4cb7-8fb8-5ad2f6fa610a,138628
180db365-90d3-4dd2-ac6c-7d0fa38cda6b,56bf6d6b-a062-4cb7-8fb8-5ad2f6fa610a,112614
e66e9d34-bf69-4402-b866-5b4064403419,56bf6d6b-a062-4cb7-8fb8-5ad2f6fa610a,112614
05beb829-344e-4383-b60b-6b46f9bdeb3b,56bf6d6b-a062-4cb7-8fb8-5ad2f6fa610a,146839
e5217a27-442e-4e4c-aee5-ef87847e8ab9,56bf6d6b-a062-4cb7-8fb8-5ad2f6fa610a,146839
9f33e68e-7f22-4e95-b0d7-1d1e685b7d3e,56bf6d6b-a062-4cb7-8fb8-5ad2f6fa610a,112951
f5065b88-9c88-4d63-9597-916f5c3ec14a,56bf6d6b-a062-4cb7-8fb8-5ad2f6fa610a,112951
f90596c5-e8d0-422e-b246-976cf554956f,56bf6d6b-a062-4cb7-8fb8-5ad2f6fa610a,147685
fc2f1f01-cf33-4189-a83d-4a9d0c534bb6,56bf6d6b-a062-4cb7-8fb8-5ad2f6fa610a,147685
4f4d0e15-2444-4285-9153-cec7e3caddf4,56bf6d6b-a062-4cb7-8fb8-5ad2f6fa610a,143622
be001f58-d633-48d8-bcde-da525a14973c,56bf6d6b-a062-4cb7-8fb8-5ad2f6fa610a,143622
df681f29-9b80-4838-b7c1-1bd4b94ec2f4,56bf6d6b-a062-4cb7-8fb8-5ad2f6fa610a,143622
0c443f6e-a5f7-401b-9f27-4e94a9a27b59,56bf6d6b-a062-4cb7-8fb8-5ad2f6fa610a,147572
3bda19c0-3692-402e-93ef-1b816c043752,56bf6d6b-a062-4cb7-8fb8-5ad2f6fa610a,147572
92980b38-24cd-4216-b93b-3d34a82381f9,56bf6d6b-a062-4cb7-8fb8-5ad2f6fa610a,147572
d71f2685-7e6a-4a98-8f04-e3f70371a5e1,56bf6d6b-a062-4cb7-8fb8-5ad2f6fa610a,146079
3d406c37-8407-44f4-8d1b-a3243195bee4,594574b9-7d06-4542-8740-bd638cc0bcac,111496
d527b3a9-1a12-483b-88d1-14dc9745b89f,594574b9-7d06-4542-8740-bd638cc0bcac,111294
250828ac-26ed-43cf-8735-4cf654a67fc9,5a884ecc-53c1-4a5e-ba26-91cc5cc381b8,142995
3bb875f2-d853-4892-aa1a-42cb102bacd3,5c0f3efe-0bca-4673-b435-9f2cc0250d26,150811
bdff259c-52ff-4cf4-8ac4-2710671ee646,5c0f3efe-0bca-4673-b435-9f2cc0250d26,151855
350a8988-e306-490f-824b-87ce2351a789,5c0f3efe-0bca-4673-b435-9f2cc0250d26,142067
1c480b95-4e22-4e38-90f7-2ceead657bbd,5c0f3efe-0bca-4673-b435-9f2cc0250d26,123557
eac82b24-79ee-4201-aef2-3feeaf2231a3,5c0f3efe-0bca-4673-b435-9f2cc0250d26,123520
53859c1a-7f72-4e3a-97db-dbdd90db0dbc,5c0f3efe-0bca-4673-b435-9f2cc0250d26,136979
02fdeecf-b9e6-4de8-914c-7fecd0e47557,5c0f3efe-0bca-4673-b435-9f2cc0250d26,136979
86978d0b-5846-4b7f-b425-9d2c2dafcf27,5f76449e-d9ee-44f9-8537-7a88552bff0e,136730
5e719b11-d0dd-480a-a34e-1fcaa6e2d18a,5f76449e-d9ee-44f9-8537-7a88552bff0e,137632
730fe8dd-d312-4066-b1e7-a7d80ead04c4,5f76449e-d9ee-44f9-8537-7a88552bff0e,109562
45d8c5c4-d76e-494a-9570-3c1fa2e26b08,5f76449e-d9ee-44f9-8537-7a88552bff0e,145872
700c536e-5aa4-4727-ab5d-02a576c11fdd,5f76449e-d9ee-44f9-8537-7a88552bff0e,137288
13fa29d2-310e-4ce7-9f18-da4c0c07d76b,5f76449e-d9ee-44f9-8537-7a88552bff0e,109556
6a1ea43b-85ab-463a-a709-f033024eec98,5f76449e-d9ee-44f9-8537-7a88552bff0e,109556
51cc4575-ad50-47e6-9929-eb55fd9a498c,5f76449e-d9ee-44f9-8537-7a88552bff0e,142907
3b2a8db6-d8b1-4c10-b383-a7131bdefff6,5f76449e-d9ee-44f9-8537-7a88552bff0e,117684
f31249fe-baad-4ec0-9fa7-7ac5ce2bb72b,5f76449e-d9ee-44f9-8537-7a88552bff0e,117684
92c9a972-3297-4dc2-9fa0-68da3a224242,5f76449e-d9ee-44f9-8537-7a88552bff0e,109690
f54da37d-011c-4b19-8a4b-b64c0fa49073,5f76449e-d9ee-44f9-8537-7a88552bff0e,109690
f0dbf077-6983-4414-8deb-ca3ba596e3dc,5f76449e-d9ee-44f9-8537-7a88552bff0e,138209
0e9bdb09-d0fe-490a-8153-eca621ec2d29,5f76449e-d9ee-44f9-8537-7a88552bff0e,138209
0ac2d265-5479-4d66-85f0-7c78de8a9a4b,5f76449e-d9ee-44f9-8537-7a88552bff0e,136275
85e7e752-5f84-46e3-aabb-dbd9cc90efc8,5f76449e-d9ee-44f9-8537-7a88552bff0e,117349
9bdff296-598d-4196-bb53-50de022805b6,5f76449e-d9ee-44f9-8537-7a88552bff0e,117349
76ba686a-64b6-45f1-aacc-8f247897b4b7,5f76449e-d9ee-44f9-8537-7a88552bff0e,136560
70e9af11-2b28-480d-91bb-e76bfe2b1167,5f76449e-d9ee-44f9-8537-7a88552bff0e,109546
9fd7fd4b-6b54-4c98-950e-1db862a5d762,5f76449e-d9ee-44f9-8537-7a88552bff0e,117390
2fdd1ea2-d706-421d-b30c-27a1192a0ea9,5f76449e-d9ee-44f9-8537-7a88552bff0e,136560
db492412-53a6-429c-9480-1629e54aed2f,5f76449e-d9ee-44f9-8537-7a88552bff0e,136730
e5d83740-9b26-4817-b2ac-257a9f3c3a26,5f76449e-d9ee-44f9-8537-7a88552bff0e,109546
bb97a50f-7792-4caf-9de0-4a6887b6c071,5f76449e-d9ee-44f9-8537-7a88552bff0e,137522
0648b6f4-4333-4c8d-889f-abb466fc0248,5f76449e-d9ee-44f9-8537-7a88552bff0e,109562
89f3fc46-5066-4221-8231-b117c5edf54e,5f76449e-d9ee-44f9-8537-7a88552bff0e,109562
1c9726f5-1341-4dd7-985c-407c4c80e2b1,5f76449e-d9ee-44f9-8537-7a88552bff0e,138933
5a46f257-5aa4-4150-a20f-fca726ce7c36,5f76449e-d9ee-44f9-8537-7a88552bff0e,109556
affaa75b-a9bc-471f-9be5-4f0641acade0,5f76449e-d9ee-44f9-8537-7a88552bff0e,117394
efa13d9e-24aa-4694-aab8-4f23535c1434,5f76449e-d9ee-44f9-8537-7a88552bff0e,117394
1b628a6a-6cfa-4f20-b7cf-1321d612abe0,5f76449e-d9ee-44f9-8537-7a88552bff0e,117120
a1af7b4b-c254-4f66-9576-2503a97ae5c2,5f76449e-d9ee-44f9-8537-7a88552bff0e,117120
1caa7dbf-c4ac-4688-8eef-a543baf4129e,5f76449e-d9ee-44f9-8537-7a88552bff0e,151161
874e243d-d88b-439e-b13d-57266a32d7e1,6558906f-4c28-4ba8-98a8-ca96d5f5de66,136192
35d49f92-8663-424a-87fc-3566182e65c7,6558906f-4c28-4ba8-98a8-ca96d5f5de66,135563
644749aa-5132-4d72-b0ea-85782a8936be,6558906f-4c28-4ba8-98a8-ca96d5f5de66,135563
ba9008cb-f3c8-40ee-b60c-6e52b200c6d0,6558906f-4c28-4ba8-98a8-ca96d5f5de66,135563
e9d8f71a-820d-470e-bc62-30b6a1b95df1,6558906f-4c28-4ba8-98a8-ca96d5f5de66,149436
2d585f5c-e5e6-44c7-8316-82fb4d01507e,6558906f-4c28-4ba8-98a8-ca96d5f5de66,135565
849c6604-b79f-400f-8ec9-157869d95e1a,6558906f-4c28-4ba8-98a8-ca96d5f5de66,140239
d28ab4f5-cd38-4413-a280-72a931cc4031,6558906f-4c28-4ba8-98a8-ca96d5f5de66,139232
4ecd75fc-bf65-4229-9663-deecb321a003,6558906f-4c28-4ba8-98a8-ca96d5f5de66,138487
6bf072af-c736-4310-ae96-5d74fdfd5e38,6611a56f-aa46-43be-8404-13bc5233ff6a,140267
d3ebb706-64d6-48d5-b32e-a7e0b76e14e2,6611a56f-aa46-43be-8404-13bc5233ff6a,109251
d13380f6-eaf2-4e8f-b480-e14590e97c25,6611a56f-aa46-43be-8404-13bc5233ff6a,147476
a9f85de8-7a15-47ef-8948-db5fb3cb8ccc,6611a56f-aa46-43be-8404-13bc5233ff6a,109409
fea0c354-ba27-4172-9b52-6be812804833,6645848a-eae1-4cc3-8265-8b0af76fb510,139329
0c3d8b7c-2bb3-4f57-8221-d96479cb8c9a,6645848a-eae1-4cc3-8265-8b0af76fb510,108666
66addf1c-ffa3-4abd-b5cb-e8c22cee3781,6645848a-eae1-4cc3-8265-8b0af76fb510,108666
f6a0de87-41f9-4f1e-96ea-77bd40f51974,6645848a-eae1-4cc3-8265-8b0af76fb510,135640
2cd93b18-e590-4b41-8915-131307eb37ad,6645848a-eae1-4cc3-8265-8b0af76fb510,141345
d3819255-8a06-47ee-8471-3d4b07503fbf,6645848a-eae1-4cc3-8265-8b0af76fb510,141345
1fd8264b-66ec-4393-beab-24cd87bb8a6b,6645848a-eae1-4cc3-8265-8b0af76fb510,134230
31d9e847-f5d9-4a92-b78e-ba9fb3e583e6,6785994c-1f3d-42ce-9b02-6dc303070c82,124369
bd32bd28-a558-4ff3-bae6-8fd846dcc297,6785994c-1f3d-42ce-9b02-6dc303070c82,125616
29e4cc66-bf2c-4966-9f84-d6a57dbc0831,6785994c-1f3d-42ce-9b02-6dc303070c82,142313
bf7965e5-c467-4319-aa5e-0ac8d87ad862,6785994c-1f3d-42ce-9b02-6dc303070c82,145100
ed2d33fc-182c-434e-a22e-96804a4fdcd8,6785994c-1f3d-42ce-9b02-6dc303070c82,142982
c7d3b69b-4edf-445e-a89c-35fae9600cd3,6785994c-1f3d-42ce-9b02-6dc303070c82,146056
ca55a854-0ac3-47fb-8686-645a8b6d9bdf,68c6ea57-bb84-4186-a663-7a317ae40e26,137625
f26dfe67-0bc9-4eb6-81f1-bded744898cc,68c6ea57-bb84-4186-a663-7a317ae40e26,137625
f531b7c6-ea8f-483c-bc7a-d4a1570a7536,68c6ea57-bb84-4186-a663-7a317ae40e26,137625
147c250c-a6a9-49f6-9e32-a7145ad1ee9e,68c6ea57-bb84-4186-a663-7a317ae40e26,116743
dfea4259-0803-4976-a01e-6a5b4fa8a588,68c6ea57-bb84-4186-a663-7a317ae40e26,116743
9fd869d5-7fa5-4fe7-8e70-7bea856fe952,68c6ea57-bb84-4186-a663-7a317ae40e26,144260
3335d595-3d09-4c36-80c2-f972ff127595,6edc1a87-885c-4e91-af55-c81887972ebc,135650
79dfe6c6-54fd-4ed7-9115-146e201a0af8,6edc1a87-885c-4e91-af55-c81887972ebc,135650
3c65a518-bec8-490a-927d-c9146f335249,6edc1a87-885c-4e91-af55-c81887972ebc,141407
9216c4c1-6de1-47c0-909e-a1e361250bcd,6edc1a87-885c-4e91-af55-c81887972ebc,141407
f6a45088-a540-42cd-9783-db747b95802c,7006d893-289c-4942-9391-01d88fcd2202,118479
a33056a8-7242-48a5-8014-6ee1e9337f54,7006d893-289c-4942-9391-01d88fcd2202,119050
168a807a-b58a-495d-955b-07136c55f060,7006d893-289c-4942-9391-01d88fcd2202,143954
bfcbaab8-114e-40c7-9647-7b2beaaabb0a,7006d893-289c-4942-9391-01d88fcd2202,118629
4b80d90c-7bf3-458a-8c6e-b2bc9bfe4a52,73b6e816-1691-426e-8b12-25d025d64bad,138124
8d940b7d-8954-410d-ad70-5c5184f2d869,73b6e816-1691-426e-8b12-25d025d64bad,138124
f6eb48d5-cfd2-46b3-9a10-437ffb97d3f1,73b6e816-1691-426e-8b12-25d025d64bad,146797
51f28f26-fea8-4acb-bace-0122842d2e1f,73b6e816-1691-426e-8b12-25d025d64bad,106370
1d9fc710-8145-4ae1-831d-29210f573c84,752c0946-1de7-4478-90e9-3145e65f2f96,135955
52b81e3c-2a20-4110-9682-15b0c1745ddc,752c0946-1de7-4478-90e9-3145e65f2f96,140208
5e9ea525-7328-4b4c-a51a-297bef5a8dca,752c0946-1de7-4478-90e9-3145e65f2f96,135955
14a40993-3fb0-43a7-998d-024dde2a43dc,752c0946-1de7-4478-90e9-3145e65f2f96,137959
16e662b4-3263-46c4-98c8-8623640ccd36,752c0946-1de7-4478-90e9-3145e65f2f96,135955
4e044274-129a-4ce8-aeb0-abd8d443e4d2,752c0946-1de7-4478-90e9-3145e65f2f96,135955
764f3448-2c03-4e91-8122-86ae0be47875,752c0946-1de7-4478-90e9-3145e65f2f96,135955
d15debf2-b2da-4608-bcee-9296c6a2b4fc,752c0946-1de7-4478-90e9-3145e65f2f96,135955
5ebcf654-3213-41c2-8ada-eaa3cd9efcba,752c0946-1de7-4478-90e9-3145e65f2f96,143706
eb5b65d3-c917-43ac-9a22-72f0919ae4b4,752c0946-1de7-4478-90e9-3145e65f2f96,135249
78299d08-9a7e-46a5-b883-283e833f97ce,752c0946-1de7-4478-90e9-3145e65f2f96,148768
a359f4e6-e2ff-443a-8da6-eccff1c4cb7e,79c3e632-9cf6-4e15-9f2c-21abc1876403,110257
070a4c28-8acd-4529-bb1f-fb339405c7f9,79c3e632-9cf6-4e15-9f2c-21abc1876403,117578
3420ae09-6b49-47e8-b7db-79c5e4394fc2,79c3e632-9cf6-4e15-9f2c-21abc1876403,136454
c2bb041e-e086-41a1-9700-0695357fdc3b,79c3e632-9cf6-4e15-9f2c-21abc1876403,148835
fbfe72ab-e069-488f-b8fb-9a5c9f8705d8,79c3e632-9cf6-4e15-9f2c-21abc1876403,148835
df5b421c-adaa-4177-b560-22ff78f168f9,7b712351-8f78-411f-acdd-be4f1e8410f8,147619
1ce6aa87-d688-4a6f-9d49-7b514f5e0213,7b712351-8f78-411f-acdd-be4f1e8410f8,145822
061678b2-da96-437c-8d34-cc78028bf827,7b712351-8f78-411f-acdd-be4f1e8410f8,140716
3695bced-a280-4e3c-b15f-1430c271e7a1,7da99271-d74f-498e-bb16-8892bba9006d,145866
172607c4-785c-4510-b142-f1395f68b6a4,7f4b9f40-94d0-45fe-a74f-052e782b86ac,137260
d13b934c-4f72-4d72-81e0-ac0869cd5d55,7f4b9f40-94d0-45fe-a74f-052e782b86ac,136776
fdde7ca5-8dc2-4f4b-b43b-932c26609591,7f4b9f40-94d0-45fe-a74f-052e782b86ac,136776
f49e5743-d57b-414d-a070-d01fb1543f07,7f4b9f40-94d0-45fe-a74f-052e782b86ac,137260
1b67cf48-bd37-4539-9525-08f238903c85,7f4b9f40-94d0-45fe-a74f-052e782b86ac,136904
a648dede-b030-44e7-a7de-a106fced8659,802857dc-139d-4a5b-8385-d8b127feaabd,138191
c397e9f6-ef43-41fa-b314-07d5e4d5d215,802857dc-139d-4a5b-8385-d8b127feaabd,137617
014d61aa-c0b0-486e-ad30-097f241ca0cc,802857dc-139d-4a5b-8385-d8b127feaabd,110778
cc27b43c-0b8b-4dd8-aa69-6609f90e8f1e,802857dc-139d-4a5b-8385-d8b127feaabd,110778
e40bbd6e-96f0-4681-a259-cac2dc79755e,802857dc-139d-4a5b-8385-d8b127feaabd,137981
85296919-ac6c-4762-aebd-7233d2415d0e,80d30914-b204-4855-b305-2b93b3af3de6,140364
ca1a04a6-61ad-4cfd-b4d7-36e3c7524122,80d30914-b204-4855-b305-2b93b3af3de6,140364
97b679ae-7edf-4e2c-a71d-9be31eed0d7a,80d30914-b204-4855-b305-2b93b3af3de6,136641
59e5d04c-0741-4e1d-b1c3-8467cafc3ead,80d30914-b204-4855-b305-2b93b3af3de6,116465
ae5d30dd-3a94-411c-a545-065d02d55732,80d30914-b204-4855-b305-2b93b3af3de6,116465
46a5c2d6-2fa5-4eaf-8173-8796aa6203fb,80d30914-b204-4855-b305-2b93b3af3de6,136641
4ac8b96e-8640-420b-8888-b266fb3d8c91,80d30914-b204-4855-b305-2b93b3af3de6,136641
7588b9df-656b-48c6-bd84-d5a5e2f6fb0d,80d30914-b204-4855-b305-2b93b3af3de6,136641
653444da-ccd6-4143-98fc-b0dfc0ccf268,80d30914-b204-4855-b305-2b93b3af3de6,139967
f2f41c8b-e11b-4517-be57-b99882c1cc2b,80d30914-b204-4855-b305-2b93b3af3de6,130701
5d6f9318-8151-4375-a84f-1632a5947e90,80d30914-b204-4855-b305-2b93b3af3de6,144455
abc37fa3-9747-4adc-9733-82645aab025a,80d30914-b204-4855-b305-2b93b3af3de6,144455
c83d0c35-8ebb-412a-8abc-a1dd20bb8f82,80d30914-b204-4855-b305-2b93b3af3de6,116465
a9296ab6-bb49-4220-89d1-a38f8c75f907,80d30914-b204-4855-b305-2b93b3af3de6,116620
041c32ae-04ec-4bac-aad2-5baf204c9703,80d30914-b204-4855-b305-2b93b3af3de6,116465
75a20f9a-58c1-4523-8724-9d7fe495d92c,80d30914-b204-4855-b305-2b93b3af3de6,116465
2c4f4bdf-318d-44ad-b849-90510c57c577,80d30914-b204-4855-b305-2b93b3af3de6,146496
300516c1-b195-4bf5-958e-18ef06694ae0,80d30914-b204-4855-b305-2b93b3af3de6,146496
39a9675d-ee08-4e01-807b-40889ed764d1,80d30914-b204-4855-b305-2b93b3af3de6,146496
b4dfae2d-7173-423d-824c-b2e6ab024e3a,80d30914-b204-4855-b305-2b93b3af3de6,150362
e4f3357f-2d94-4e74-b127-5778ebe14c69,80d30914-b204-4855-b305-2b93b3af3de6,147187
124e3f00-61a3-45c2-b60e-ca3061e6d029,80d30914-b204-4855-b305-2b93b3af3de6,136903
389ff79d-4bfa-480c-88ed-1d3d12bedf96,80d30914-b204-4855-b305-2b93b3af3de6,136903
82026a11-fb52-42f2-86fc-51888e65f6ed,80d30914-b204-4855-b305-2b93b3af3de6,146490
eebf5615-531f-40bb-a070-1196b89d10db,80d30914-b204-4855-b305-2b93b3af3de6,146490
ba5585f6-3165-4e3e-9f13-ba5be412d00b,8237d48c-e236-4d4a-9b3b-ec7d491116d4,139804
e9a146f9-1799-4eba-a879-fe4b84ee1923,8237d48c-e236-4d4a-9b3b-ec7d491116d4,139804
90dd3d93-6f7a-4a92-af4b-7edb94b84a53,82521383-ad16-4cc9-b69b-4e8f8926e9f5,143636
5c696c6d-5285-49f1-987d-aaffe98326ce,82521383-ad16-4cc9-b69b-4e8f8926e9f5,136909
c4c0f48b-93c7-46fb-b7b3-d8a7246163a2,82521383-ad16-4cc9-b69b-4e8f8926e9f5,149437
2e949e3e-ea57-4bac-aca6-3b65c5c091c2,82521383-ad16-4cc9-b69b-4e8f8926e9f5,116729
60d2baa6-2f8e-4e51-b0c0-96b2225968e5,82521383-ad16-4cc9-b69b-4e8f8926e9f5,116729
79fd08bb-7808-4e97-902a-819841386ae4,82521383-ad16-4cc9-b69b-4e8f8926e9f5,116729
8615d4ae-76be-4c77-a9ca-9de353e911ed,82521383-ad16-4cc9-b69b-4e8f8926e9f5,116729
95c3b946-65d4-46fd-8a99-eb7d32636758,82521383-ad16-4cc9-b69b-4e8f8926e9f5,116729
b07da161-ac38-4393-bc57-3a93700d058f,82521383-ad16-4cc9-b69b-4e8f8926e9f5,147714
5fe31ded-f260-4124-b075-75addc44fe3e,82521383-ad16-4cc9-b69b-4e8f8926e9f5,143918
63b58318-e681-48bd-bf08-08503082dfd1,82eb1c91-5bb1-40bc-9fd9-8fa11b0e4e7c,137441
5de588b6-da27-4c12-8c44-674adc36e276,82eb1c91-5bb1-40bc-9fd9-8fa11b0e4e7c,139685
12fa0bd1-9ab0-4530-83e2-550cd96a2adb,82eb1c91-5bb1-40bc-9fd9-8fa11b0e4e7c,139016
90f35fc6-10fb-485f-a1c8-cea12479eb33,82eb1c91-5bb1-40bc-9fd9-8fa11b0e4e7c,139016
b8bac4e9-f421-44f9-9ee6-65a9f29c5180,82eb1c91-5bb1-40bc-9fd9-8fa11b0e4e7c,139016
be44dfa0-9de7-4777-9d3c-ef5f5785d5ad,82eb1c91-5bb1-40bc-9fd9-8fa11b0e4e7c,139016
d88215af-95e6-4516-b55b-6d8c5397a958,82eb1c91-5bb1-40bc-9fd9-8fa11b0e4e7c,139016
d04043f3-246b-487e-9fa4-19661783cc11,82eb1c91-5bb1-40bc-9fd9-8fa11b0e4e7c,139396
29bbbe6b-0d8c-4e9f-bf18-dc70011798e9,82eb1c91-5bb1-40bc-9fd9-8fa11b0e4e7c,139016
4f0749d1-1db5-4776-9072-f18bc9752020,82eb1c91-5bb1-40bc-9fd9-8fa11b0e4e7c,134102
87bc822d-4d1a-45d2-a2e2-2711865166ba,839626b6-9ef3-4723-8707-562ab198abdb,150505
b9e86ab0-6658-4456-a909-d692c44b00fd,839626b6-9ef3-4723-8707-562ab198abdb,150505
ef5e15c9-0a82-41fa-8a20-53adf4788141,839626b6-9ef3-4723-8707-562ab198abdb,150505
f85c595f-707d-4671-95ae-6a8c193e9d9d,839626b6-9ef3-4723-8707-562ab198abdb,150505
3ac9fb3c-bce8-437e-ae10-ec9ca9069870,839626b6-9ef3-4723-8707-562ab198abdb,103146
91be577f-912e-443e-813c-ad7b24a28c42,846caf0e-e9eb-448c-82e3-6db1da1a37b0,101510
519f6d78-6814-4da8-bc17-0a6b34dff63a,86b16346-d83a-4e9c-a854-1cb4cd170426,136309
bee73db3-c8cd-479e-9de2-814ce9283a73,86b16346-d83a-4e9c-a854-1cb4cd170426,100621
e269476f-a65e-4885-8fac-efd9c0368dbe,8ac1f6e9-ee0a-471a-a11f-34444cf10f69,133768
e637a5ca-1dd0-4a3d-801e-3a01340dcaf9,8ac1f6e9-ee0a-471a-a11f-34444cf10f69,138585
0860263d-ba4e-4b45-b787-05e5c8509b25,8d822a66-c918-472f-a876-c28418810776,146690
1f5f48cb-0d3b-45dd-95d2-8c85f8d20864,8d822a66-c918-472f-a876-c28418810776,140767
c6d5736b-c741-4792-a719-753a0d8830c7,8d822a66-c918-472f-a876-c28418810776,140767
bbbbe832-2a03-4548-919e-b560e3379dec,8e724059-dd3f-4338-a63d-37dddac25138,148294
c0e94cd5-ac6d-4ee8-94fc-ff0c7f28c000,8e724059-dd3f-4338-a63d-37dddac25138,108059
32dc6d76-f315-4900-9818-e4429b35f29d,90028130-c048-4974-be0e-b3922b176f01,138691
c47cf3bf-b307-430b-83b4-e55ead0f32f1,9022ebd8-8ba5-4395-8406-ad43a0df8e8f,110069
751e36e5-c078-4647-b930-ce301d9a9e02,931bb7ac-9cce-43a3-81b8-e26cd464cd82,146697
8875c2c3-ac6c-470a-8175-52f628734dad,931bb7ac-9cce-43a3-81b8-e26cd464cd82,146697
9855c28f-561a-4240-91c6-fc3bb47f7234,93e595f1-137a-419b-84ea-e9f2d9a4a067,114435
70c0ff54-f557-4cac-bcba-5826cbb4d575,94875b7a-01e0-4fba-88cc-5d2d0070be36,114761
d07c0f5b-fc9c-4cc6-a344-cfd59c7750fa,94875b7a-01e0-4fba-88cc-5d2d0070be36,114761
5e9497a8-fbcd-41c9-9c91-902d6f8d1a13,94875b7a-01e0-4fba-88cc-5d2d0070be36,114755
0301f4eb-a19b-474b-a1da-e5cc0cfa8352,94875b7a-01e0-4fba-88cc-5d2d0070be36,137945
982b45fc-bd0e-42fa-8273-f9c25081e1f7,98582366-3450-46d0-976a-bb2b48cc3937,116488
8815f5d4-5311-4fb5-99ef-678db43c27e7,98582366-3450-46d0-976a-bb2b48cc3937,149107
cfafbdac-1d53-4443-a4a3-0febb45717fe,9c320130-b665-464e-84b0-f2e419f5641c,144657
fcc79cb7-eed0-4b09-90cf-1bf75676274d,9c320130-b665-464e-84b0-f2e419f5641c,144657
08bbca08-dfe1-4540-ba1e-45869e781962,a2c1ae38-f33d-4e70-8ef9-9c7db6df4f40,150210
b96ff329-80d5-48da-9cdf-c09a3d72c7b3,a2c1ae38-f33d-4e70-8ef9-9c7db6df4f40,104835
4feb8b34-d736-4281-a183-671d4fde4340,a2c1ae38-f33d-4e70-8ef9-9c7db6df4f40,130324
47dfd4e3-dc8e-474b-befc-242556e9eedf,a2c1ae38-f33d-4e70-8ef9-9c7db6df4f40,133330
43562fec-0de8-4e7c-b8c2-79d0867b65a3,a2c1ae38-f33d-4e70-8ef9-9c7db6df4f40,104549
528f0efe-7f37-4c63-9b60-b358227c52cc,a2c1ae38-f33d-4e70-8ef9-9c7db6df4f40,104549
8e6ad984-15cb-4b76-9085-f27c4d4e0d99,a2c1ae38-f33d-4e70-8ef9-9c7db6df4f40,104549
a6918222-86d7-4575-acd2-fdf47f7e3523,a2c1ae38-f33d-4e70-8ef9-9c7db6df4f40,104549
5a38046c-d82f-40ec-b205-5f20706b8416,a4c1c54a-026b-442e-9268-d08f3473ec7a,140463
4f9ccb2c-a9a5-494b-840f-85a61157dde1,a4c1c54a-026b-442e-9268-d08f3473ec7a,150708
205eee2b-7317-4441-89f1-74d58ec366bc,a5131d5e-c4fa-42ea-98a5-6298a85bf080,138483
a06f5495-0875-40ee-8997-faca135ffa90,a5131d5e-c4fa-42ea-98a5-6298a85bf080,138662
adfe4a33-69de-470c-ae04-ab35c377b772,a5131d5e-c4fa-42ea-98a5-6298a85bf080,143164
791884f5-2541-4ddc-b383-f7ded006b8ae,a5131d5e-c4fa-42ea-98a5-6298a85bf080,138148
a6879693-d5e0-43fc-b15a-2e61adc9a464,a5131d5e-c4fa-42ea-98a5-6298a85bf080,138148
b9a9b61f-c9da-407e-a8e1-a190471f7928,a5131d5e-c4fa-42ea-98a5-6298a85bf080,145075
11c87b32-9470-4853-9943-68eb920854ae,a5131d5e-c4fa-42ea-98a5-6298a85bf080,139764
7c428880-f93f-4178-bffd-326ce2c77ee7,a5131d5e-c4fa-42ea-98a5-6298a85bf080,137491
f69136d6-b240-4595-ad44-46c5a302feaf,a5131d5e-c4fa-42ea-98a5-6298a85bf080,136645
92a524b7-c1d8-4114-a76f-b67d2542ec24,a5131d5e-c4fa-42ea-98a5-6298a85bf080,140501
17d3a9ed-7e00-4b39-9422-44c61953ecaa,a5131d5e-c4fa-42ea-98a5-6298a85bf080,136340
3b88534a-7935-4254-bfc8-9de0413d9c26,a5131d5e-c4fa-42ea-98a5-6298a85bf080,136340
3d5fb604-4cf9-4248-aa92-8db6da662bfe,a5131d5e-c4fa-42ea-98a5-6298a85bf080,136340
61a8151b-b70e-4c8b-b091-e975e9c96ccf,a5131d5e-c4fa-42ea-98a5-6298a85bf080,141792
0d25c94b-225f-4c1a-b9c5-5e984d15e935,a5131d5e-c4fa-42ea-98a5-6298a85bf080,141792
2f0c10c8-d94b-4ad3-878e-effcd2f7c081,a5131d5e-c4fa-42ea-98a5-6298a85bf080,137491
7e2d9579-4032-4757-bcb1-d0552154ec47,a5131d5e-c4fa-42ea-98a5-6298a85bf080,137491
1dbedd79-15b8-4833-9667-26a8d38ae50b,a5131d5e-c4fa-42ea-98a5-6298a85bf080,148278
6985f04c-82e5-44f8-9862-d51f816bb228,a5131d5e-c4fa-42ea-98a5-6298a85bf080,131727
97866eac-8b1b-443d-9375-1a15f66b0e86,a5131d5e-c4fa-42ea-98a5-6298a85bf080,131727
6e773b00-fdff-497d-8aff-780e1ff1ea4b,a831618a-c953-4780-8354-7ab522cc3b22,141497
8bc9497c-e8ca-4af0-b3d9-d5168f8429b1,a831618a-c953-4780-8354-7ab522cc3b22,141497
477a9f31-37ca-4405-887d-54646ffb7443,a831618a-c953-4780-8354-7ab522cc3b22,118782
e04f2f75-9508-4c95-8807-36eb232b509f,a831618a-c953-4780-8354-7ab522cc3b22,100849
f8fe9281-cb77-4f95-8321-d657a052f2a6,abdad991-9353-4945-b366-c6b71b7f4c25,137131
b90db3a3-bf0e-4787-a0ef-cee0c8dd245a,abdad991-9353-4945-b366-c6b71b7f4c25,100052
d4d03092-e0cf-4e54-880d-ec8195fe1b66,abdad991-9353-4945-b366-c6b71b7f4c25,100052
b16db05d-6679-4442-9a06-ad46a1c970d6,abdad991-9353-4945-b366-c6b71b7f4c25,100049
184fc643-9f7d-414f-8ec9-c15efc55ea2e,abdad991-9353-4945-b366-c6b71b7f4c25,140686
2526b575-baac-4da3-9d0f-7ed9885b2b75,abdad991-9353-4945-b366-c6b71b7f4c25,140686
389eb05c-0ada-4f74-9dbe-056abbd953b0,abdad991-9353-4945-b366-c6b71b7f4c25,140686
31e4d395-f5f2-4f85-a34d-a7fc24e9383a,abdad991-9353-4945-b366-c6b71b7f4c25,136290
57faeb39-d3ad-4c74-bac5-2da7d992328a,abdad991-9353-4945-b366-c6b71b7f4c25,136290
5501263c-07b1-4ffa-91e6-c456d5ded771,abdad991-9353-4945-b366-c6b71b7f4c25,132245
d3e6c1b7-de03-4dbf-8a59-8551d59e724d,abdad991-9353-4945-b366-c6b71b7f4c25,100049
201b7490-9cd8-4141-9930-d74b93ec7042,abdad991-9353-4945-b366-c6b71b7f4c25,100052
2e62cbde-31b2-478b-98f6-17bcbe7a6981,abdad991-9353-4945-b366-c6b71b7f4c25,100052
de70b53f-e80c-4149-85c0-b39efcf057f0,abdad991-9353-4945-b366-c6b71b7f4c25,100052
ac67cc22-e0ae-4638-b54e-58ce1cb9d038,abdad991-9353-4945-b366-c6b71b7f4c25,100048
1e04fbff-0fdf-471a-9d4c-531a664279f4,acf7b2f6-6e9e-4218-9884-bc70430ed890,141486
6cc9b992-08f5-473c-8299-3f6de5af38a7,acf7b2f6-6e9e-4218-9884-bc70430ed890,124265
00adfc3d-5d26-486b-aad3-bd83db94d6e5,acf7b2f6-6e9e-4218-9884-bc70430ed890,149989
568d4ec1-1e7a-4253-8689-eae7458652dd,acf7b2f6-6e9e-4218-9884-bc70430ed890,149989
04499db8-93ef-40ec-8220-ed8923539521,acf7b2f6-6e9e-4218-9884-bc70430ed890,142208
94db2832-cf9d-4497-a6b0-b2792e7f07fb,acf7b2f6-6e9e-4218-9884-bc70430ed890,140145
ce635dba-4eb5-4924-aa9f-955c5a1ac95c,acf7b2f6-6e9e-4218-9884-bc70430ed890,136681
98206908-b175-43af-9faa-f025d46e612c,acf7b2f6-6e9e-4218-9884-bc70430ed890,140470
53ada075-d377-4e2c-a81c-7aaeee7bb14e,acf7b2f6-6e9e-4218-9884-bc70430ed890,124146
99231d0d-e45a-4d6d-8958-eac651fb2b20,acf7b2f6-6e9e-4218-9884-bc70430ed890,124146
d93d674c-2b1f-42e2-b7ce-428653a7e6ff,acf7b2f6-6e9e-4218-9884-bc70430ed890,124146
8d507c5d-9b40-4d79-902b-914ac246de64,acf7b2f6-6e9e-4218-9884-bc70430ed890,140633
25e04e5b-6b5d-4a5e-874c-ddb2986f6b67,acf7b2f6-6e9e-4218-9884-bc70430ed890,146497
de1c5dad-c4d2-46f2-8b9b-6b8517998712,acf7b2f6-6e9e-4218-9884-bc70430ed890,137356
7077f16a-8c7f-4fdd-8d01-dd71facff41b,b0223c8c-1027-4bed-b036-f08776664165,141533
45356317-0e4e-4e1a-a1a1-66dac276c215,b2b5dea7-38d0-4595-b5fb-7d6463c952af,137200
465d7446-1dd7-4b17-813b-a9dec343b446,b49b7683-d970-4c06-ac41-4475a5423308,143075
93244918-042b-42c8-9f58-d4549c32ae1d,b49b7683-d970-4c06-ac41-4475a5423308,150278
f4c00f3f-a7a9-4049-accf-37d4d9865274,b49b7683-d970-4c06-ac41-4475a5423308,150278
5c0856a5-64eb-449b-8b3a-8b178b5b6acb,b576a8e7-641d-4542-9bc6-ba20e1dc5914,101012
c1239233-bd59-4301-907d-f798bea0656e,b576a8e7-641d-4542-9bc6-ba20e1dc5914,137563
08820654-f7e6-4500-8654-3cdc14da997f,b576a8e7-641d-4542-9bc6-ba20e1dc5914,101022
4122e16d-a823-418d-9d45-b3a7c0d33cc1,b576a8e7-641d-4542-9bc6-ba20e1dc5914,101022
5012a706-4861-4e03-a316-344d7601e9e0,b576a8e7-641d-4542-9bc6-ba20e1dc5914,101022
fe2cdbde-c18e-46c9-9d5e-bc125d6f78d5,b576a8e7-641d-4542-9bc6-ba20e1dc5914,101022
31f40d2f-afd6-4375-965d-0d296ca95e9c,b576a8e7-641d-4542-9bc6-ba20e1dc5914,144309
151d2c4a-8366-476f-a4df-4998b51af9df,b576a8e7-641d-4542-9bc6-ba20e1dc5914,136910
0b15176e-9bde-43af-b1ef-ec5e1157d3f7,b591753f-40ba-4a24-a58d-289cdd83692b,147355
655d88bb-1162-4cd8-9586-6784f544667f,b591753f-40ba-4a24-a58d-289cdd83692b,149898
8322dc66-a018-4826-bb17-fc5f5c7cae3c,b591753f-40ba-4a24-a58d-289cdd83692b,136369
4885a4c1-3486-4029-9b7e-efbef020d686,bb2be4b0-e5ab-4687-bf68-d0d8236256d3,138289
4ebca239-eb0d-4649-842a-b39c31f88654,bb2be4b0-e5ab-4687-bf68-d0d8236256d3,123273
83f4deb2-4026-41b6-a8cd-c574689dd66b,bb2be4b0-e5ab-4687-bf68-d0d8236256d3,123273
ee1af188-9f79-453b-aa96-566d1475b819,bb2be4b0-e5ab-4687-bf68-d0d8236256d3,123273
f8a626f9-1346-4132-b6fe-a6f00fdcd42b,bb2be4b0-e5ab-4687-bf68-d0d8236256d3,123273
6623456c-f1ca-4bd5-a97f-bb27aabcdfa1,bb2be4b0-e5ab-4687-bf68-d0d8236256d3,123073
7937bce8-36ae-4f28-98aa-e3ccc45f6503,bb2be4b0-e5ab-4687-bf68-d0d8236256d3,123073
ce7280f4-6c32-444a-9d25-5f751613eb75,bb2be4b0-e5ab-4687-bf68-d0d8236256d3,123073
bd69f0d7-02ce-413f-867a-9c3853618fd1,bb2be4b0-e5ab-4687-bf68-d0d8236256d3,137357
964d5f13-fef4-46fa-981d-0b97fdbc408b,bb887b6d-b8fc-4e99-ae1b-ed6d3317be3e,151851
24bfe72d-854c-486b-9d29-1b087e3b555a,bb887b6d-b8fc-4e99-ae1b-ed6d3317be3e,143907
189ede1d-7737-4b88-a6fe-d28ce120c610,bb887b6d-b8fc-4e99-ae1b-ed6d3317be3e,139336
70919e50-d4e4-4bd5-910b-671c5058299c,bb887b6d-b8fc-4e99-ae1b-ed6d3317be3e,144536
a9b4ff87-3bd4-4310-9da0-d16a97d754ae,bb887b6d-b8fc-4e99-ae1b-ed6d3317be3e,144536
72484795-ddff-408a-8607-92865dd1a6ec,bb887b6d-b8fc-4e99-ae1b-ed6d3317be3e,122955
fa396b25-a16a-4faf-a44f-73c11fecb352,bb887b6d-b8fc-4e99-ae1b-ed6d3317be3e,134751
3136548a-cd8b-4240-8577-71ca130897a7,bbd8d4d9-7a1c-43f7-b891-c897c26a4f50,136318
604c748f-d292-4b77-ae0a-779fa9c0114c,bd295010-eec8-4aa5-9619-b87d1f5c94d4,139975
ecb7f3e6-9d25-4d38-957f-350626af9de5,bd4bb4d9-ce15-4da0-8b27-2b9a7b32e742,139274
e9c5207c-9e58-4331-b704-d4ec27ea177a,bd4bb4d9-ce15-4da0-8b27-2b9a7b32e742,139274
1cbc8911-6ee1-4689-b441-949f4bab4699,bd4bb4d9-ce15-4da0-8b27-2b9a7b32e742,142317
a6de7676-0f41-4af8-9c9f-ccf481108727,bd4bb4d9-ce15-4da0-8b27-2b9a7b32e742,103685
e38a6fe5-1137-4442-bf81-7f89f5fcc262,bd4bb4d9-ce15-4da0-8b27-2b9a7b32e742,148061
2af9736d-54f0-41a3-8d7f-cd7c5bbc5d59,bd4bb4d9-ce15-4da0-8b27-2b9a7b32e742,103685
bfdcb633-5d62-49ae-8d64-457587d9d279,bd4bb4d9-ce15-4da0-8b27-2b9a7b32e742,142679
2d459d60-7795-4e8a-b336-754c64c95dab,bd4bb4d9-ce15-4da0-8b27-2b9a7b32e742,140798
bae8abed-1175-4a3b-be99-bedc4f8e16ec,be252667-9d46-44cc-8a58-7e3aeee69dfb,140412
67017957-93c8-4be0-a27d-225ef800a465,be252667-9d46-44cc-8a58-7e3aeee69dfb,150371
a8b841cc-b149-4816-b6a0-0357838df48d,be252667-9d46-44cc-8a58-7e3aeee69dfb,104482
dff40840-0c86-48d4-bbb2-75cf9c1393dd,be252667-9d46-44cc-8a58-7e3aeee69dfb,137815
c2816379-4ccd-4fd9-b590-812d756ebdd8,be252667-9d46-44cc-8a58-7e3aeee69dfb,135762
aaf1949b-cbaa-4ea0-a4d2-02d6f00a8990,be252667-9d46-44cc-8a58-7e3aeee69dfb,137815
6be933f5-d4f3-4120-90ff-9b1219b58d9b,be252667-9d46-44cc-8a58-7e3aeee69dfb,144752
fc3da392-1aa3-486d-b4a5-a5fbac8defef,be252667-9d46-44cc-8a58-7e3aeee69dfb,144752
6b5e82a7-58a5-4904-9375-26eec27ad16f,be252667-9d46-44cc-8a58-7e3aeee69dfb,148220
430f33fb-2731-419a-9467-f510f796f153,be252667-9d46-44cc-8a58-7e3aeee69dfb,117091
d673b311-fe32-44d6-9778-e3fc72d32b2e,be252667-9d46-44cc-8a58-7e3aeee69dfb,117091
68c45337-61f1-4f77-aad5-dd8baca851f6,be252667-9d46-44cc-8a58-7e3aeee69dfb,104964
41758340-81b0-4f08-a93f-6b6bdba1bcd0,be252667-9d46-44cc-8a58-7e3aeee69dfb,135762
bb874caf-8416-4693-98b2-25945a8eb73c,be252667-9d46-44cc-8a58-7e3aeee69dfb,143104
55828cdc-daa7-46b0-95e4-2d7e2ed66293,be252667-9d46-44cc-8a58-7e3aeee69dfb,110366
b1885ca1-060a-470a-a6f7-c2a6f85e8373,be252667-9d46-44cc-8a58-7e3aeee69dfb,110366
1d83ace5-e8aa-4c03-b941-695f434b4765,be252667-9d46-44cc-8a58-7e3aeee69dfb,111234
7c216ac7-6ff5-4b1b-accb-9d87721f937a,be252667-9d46-44cc-8a58-7e3aeee69dfb,110533
a2f832d4-6846-4489-9d31-840a4998401b,be252667-9d46-44cc-8a58-7e3aeee69dfb,105443
98b051f7-6b96-4731-9419-830c8bf98efb,be252667-9d46-44cc-8a58-7e3aeee69dfb,111325
639009ea-e32f-471b-afda-0f1c262d9e8d,be252667-9d46-44cc-8a58-7e3aeee69dfb,106284
9e8ed39e-144c-469d-a6be-023213bdf761,be252667-9d46-44cc-8a58-7e3aeee69dfb,106284
c35d0bf3-5139-43d7-96fa-01dcfac9da82,be252667-9d46-44cc-8a58-7e3aeee69dfb,146464
bbcb45eb-48d2-40d5-a637-fc7b5b27ede3,be252667-9d46-44cc-8a58-7e3aeee69dfb,145450
c651aeed-3f6b-4aed-b915-d8324a757af2,be252667-9d46-44cc-8a58-7e3aeee69dfb,115301
2de8241c-1119-485c-91d3-3af415b785e6,be252667-9d46-44cc-8a58-7e3aeee69dfb,119042
17f40f1e-f4b4-4cca-855b-9447192a28d9,be252667-9d46-44cc-8a58-7e3aeee69dfb,150917
6fc17638-1838-403d-9abb-a95ee6732d5d,be252667-9d46-44cc-8a58-7e3aeee69dfb,139143
87e8c2fd-cd9c-4673-81c7-497b8f662d09,be252667-9d46-44cc-8a58-7e3aeee69dfb,133478
a4be0249-525b-47fc-b641-739075f0bb06,be252667-9d46-44cc-8a58-7e3aeee69dfb,133478
bf545cb3-a513-4bd4-8038-fad655959010,be252667-9d46-44cc-8a58-7e3aeee69dfb,125595
b93602ce-428d-4548-b06e-35591fee0236,be252667-9d46-44cc-8a58-7e3aeee69dfb,110533
b939ba5e-35cd-4526-ac4b-ffef860df1ca,be252667-9d46-44cc-8a58-7e3aeee69dfb,146487
17f895b3-f506-475c-9a90-f891e51044ff,be252667-9d46-44cc-8a58-7e3aeee69dfb,151534
60e551b3-434e-4237-989a-f3d9c57c25b6,c0eedace-bb3f-463e-8d74-26f616db5da7,120003
74d17d67-0633-4035-8fa5-0ba19781ef97,c0eedace-bb3f-463e-8d74-26f616db5da7,120003
c4f5114b-09a6-45e0-9203-e09659ddc5ed,c0eedace-bb3f-463e-8d74-26f616db5da7,120003
cd0f1b03-3c6e-4d85-9283-36543098eaad,c0eedace-bb3f-463e-8d74-26f616db5da7,143513
3ec4c1cd-5c6b-4833-8fa6-91b1758854f8,c0eedace-bb3f-463e-8d74-26f616db5da7,138150
ab4b9a6a-0b21-4768-b1ad-b27cdb9c6c45,c0eedace-bb3f-463e-8d74-26f616db5da7,146140
6c468896-3d3d-42ec-8281-9a502c2d9091,c0eedace-bb3f-463e-8d74-26f616db5da7,146374
0983059a-172f-425d-bfd7-67e3fa11e9cc,c0eedace-bb3f-463e-8d74-26f616db5da7,138514
6bc0bdf3-460d-4710-8516-f5b9f5576f9c,c0eedace-bb3f-463e-8d74-26f616db5da7,138827
8a058a06-0a26-45a3-9ed1-397228c5f5af,c0eedace-bb3f-463e-8d74-26f616db5da7,138805
d86848c2-7726-406a-8e92-e100f705adca,c0eedace-bb3f-463e-8d74-26f616db5da7,120348
e6690acb-d925-4e20-8d7f-94c83574c94c,c0eedace-bb3f-463e-8d74-26f616db5da7,120348
3df925f8-7db3-45e3-90ef-0389e42de884,c0eedace-bb3f-463e-8d74-26f616db5da7,138340
9d7ae9a8-bed3-4d09-8fc9-c1e514b3f4f4,c0eedace-bb3f-463e-8d74-26f616db5da7,136530
a9e3c71d-f477-476d-8af7-cb2e0fbe11f1,c0eedace-bb3f-463e-8d74-26f616db5da7,136530
77541bba-cb9b-4d7c-a12b-53f8510943e9,c0eedace-bb3f-463e-8d74-26f616db5da7,120039
92c723ae-056b-4fa7-8cbf-537ef6daaa18,c0eedace-bb3f-463e-8d74-26f616db5da7,140230
5edf91eb-4544-4311-b434-21c920d92814,c0eedace-bb3f-463e-8d74-26f616db5da7,138514
49957be4-884a-421b-9b15-f18b55b78250,c1867292-c92f-4e02-860a-abb3026b85a5,143144
40e3bd4b-7e7d-4c8b-8890-1eb7fa2e6504,c1867292-c92f-4e02-860a-abb3026b85a5,143144
169f8eb5-22d4-4137-a17a-4c853a11340d,c1867292-c92f-4e02-860a-abb3026b85a5,146818
cd03a470-65d3-4485-9ef1-37ac0fe8d0ef,c1867292-c92f-4e02-860a-abb3026b85a5,136734
1851e5e0-b3ed-4d9b-a7b6-4f760291ad0f,c1867292-c92f-4e02-860a-abb3026b85a5,143144
d2d1eb94-553f-4bb3-905a-1d0e34b8c7c9,c1867292-c92f-4e02-860a-abb3026b85a5,136734
ca4dabca-3f2e-47a5-9397-f2c7abf3a755,c1867292-c92f-4e02-860a-abb3026b85a5,139678
27f928e6-46dd-4e6e-b5a2-d25dab13c524,c1867292-c92f-4e02-860a-abb3026b85a5,140935
06bd8bbf-aadc-4412-aa7b-53ae3d7f6a14,c1867292-c92f-4e02-860a-abb3026b85a5,143144
4acde2a2-2a00-48c8-8c56-1050bf84b4e4,c1867292-c92f-4e02-860a-abb3026b85a5,143144
35e2f8be-69ea-4c7c-a414-668d554e3d45,c1867292-c92f-4e02-860a-abb3026b85a5,135895
3228957f-0fe1-42c1-b8f6-db3a633cec66,c1867292-c92f-4e02-860a-abb3026b85a5,145140
3b017c88-4fab-4d84-a42c-59bf11f6dab5,c1867292-c92f-4e02-860a-abb3026b85a5,143144
b3e1155b-f462-456f-883b-a2129e482302,c8806305-ab9c-4ea6-aa67-6001d76ab407,137133
05e09502-f3ef-4f89-aa1a-e17a120df7dc,cdb6cef0-5128-4f53-877c-37d70634e82a,149712
2883d79d-ae88-4f1a-b53f-2ae0981a4b86,cdb6cef0-5128-4f53-877c-37d70634e82a,149712
ab88466f-9064-4285-90b6-c27654e6a91d,cdb6cef0-5128-4f53-877c-37d70634e82a,149712
47fd182b-9e0b-42c3-9c45-25d4cf78cf15,cdb6cef0-5128-4f53-877c-37d70634e82a,149712
49924634-8af6-412b-ab62-053a202e6c99,cdb6cef0-5128-4f53-877c-37d70634e82a,149712
d1a18cc6-3b6f-4189-b723-199d80b02bbc,cdb6cef0-5128-4f53-877c-37d70634e82a,149712
41e460fc-0f33-4545-ac60-636f524593e1,cdb6cef0-5128-4f53-877c-37d70634e82a,149712
578ea1fb-93bf-4cb6-bedd-ff7c56236b29,cdb6cef0-5128-4f53-877c-37d70634e82a,149712
80d53880-54bf-4f6c-b094-251c8d7d92f9,cdb6cef0-5128-4f53-877c-37d70634e82a,149712
164a097a-0b30-4532-a080-a71ab0d70473,cdb6cef0-5128-4f53-877c-37d70634e82a,138476
5c35f146-01e0-4c34-b252-d6e86acaf223,cdb6cef0-5128-4f53-877c-37d70634e82a,149712
afc24246-04ce-4ad2-85d5-f8494311516a,cdb6cef0-5128-4f53-877c-37d70634e82a,149712
bb1fd2bf-67d1-4797-b0e7-53d0a8568f67,cdb6cef0-5128-4f53-877c-37d70634e82a,149712
999facaa-843d-49f9-a9f1-e16f1a015f17,cdb6cef0-5128-4f53-877c-37d70634e82a,149712
0d51338c-7c39-4158-9678-ba9245e8d8d9,cdb6cef0-5128-4f53-877c-37d70634e82a,149712
1bd6168a-9ca1-434b-bbed-84437b4fa257,cdb6cef0-5128-4f53-877c-37d70634e82a,149712
bc3d9758-949a-4726-ba05-383338b1e4e6,cdb6cef0-5128-4f53-877c-37d70634e82a,149712
fe813e2a-dce8-4d2d-aaa2-777f2ac9acac,cdb6cef0-5128-4f53-877c-37d70634e82a,116072
8efc5476-b45e-4393-8e1d-e4562035933e,cdb6cef0-5128-4f53-877c-37d70634e82a,138476
82715037-061c-4c91-9250-03e7166423b9,cdb6cef0-5128-4f53-877c-37d70634e82a,149712
9bd03d3b-1dab-4e14-b74b-bae50263348b,cdb6cef0-5128-4f53-877c-37d70634e82a,149712
e7539371-ba70-4f62-bc85-fdd434841d8f,cdb6cef0-5128-4f53-877c-37d70634e82a,149712
13d9d508-b8d2-40b7-9f63-3c9a6b0b51e8,cdb6cef0-5128-4f53-877c-37d70634e82a,149712
9982b91c-bc13-4584-a340-19d3cd24d705,cdb6cef0-5128-4f53-877c-37d70634e82a,149712
f562dd1a-f258-4421-8c3f-f554a1635e9e,cdb6cef0-5128-4f53-877c-37d70634e82a,149712
a669a4f4-d5c7-47a1-a1e6-ef8fc46c1932,cdb6cef0-5128-4f53-877c-37d70634e82a,149712
f9714764-3329-4e71-a027-b9e1505a002d,cdb6cef0-5128-4f53-877c-37d70634e82a,149712
fee2a4b8-d7b0-4db3-ac08-1ad4a8aadbde,cdb6cef0-5128-4f53-877c-37d70634e82a,149712
0b46d3b8-e567-4325-9c15-18d91310d51d,cdb6cef0-5128-4f53-877c-37d70634e82a,149712
35c3e0c1-e3b6-4fc4-b650-fcff49cd7ee8,cdb6cef0-5128-4f53-877c-37d70634e82a,149712
528976b4-24d7-4a2e-9384-3b908d1b482f,cdb6cef0-5128-4f53-877c-37d70634e82a,149712
99351ab4-91f1-4dff-848e-d7ff8195d6f7,cdb6cef0-5128-4f53-877c-37d70634e82a,149712
c850f26e-0300-45c6-b7c8-2e29937d2138,cdb6cef0-5128-4f53-877c-37d70634e82a,149712
eb81de07-b17b-4e75-8ee2-64e406373222,cdb6cef0-5128-4f53-877c-37d70634e82a,149712
a7e1490d-93a5-42d8-8c99-948c656e5a8c,cdb6cef0-5128-4f53-877c-37d70634e82a,149712
cf5e1bc3-8c9e-4bed-b8b4-d1584194e0cf,cdb6cef0-5128-4f53-877c-37d70634e82a,149712
85abf97b-f598-4ca3-91b0-d51282f3aef8,d31082c9-5e87-426f-8900-63ed3ae556d2,135860
225f036e-cbda-436f-9a8d-20879fe35e7e,dbd37658-ee26-4b6a-b426-740d0e2f0cb6,114487
72c2b5f2-c388-4e27-b887-46a56081b47e,dbd37658-ee26-4b6a-b426-740d0e2f0cb6,137982
91df2c14-c915-440b-b0a4-32ec1203d652,dbd37658-ee26-4b6a-b426-740d0e2f0cb6,114567
7e6a1512-0101-4f24-94c6-b4afd8c2572a,dbd37658-ee26-4b6a-b426-740d0e2f0cb6,101811
337c5f5b-2739-4acc-9dc1-d255a578f919,e2afef6f-6b5c-401e-83bf-cba808bc5249,141835
7ad36b2b-b926-467b-8902-fcee2dd8046d,e2afef6f-6b5c-401e-83bf-cba808bc5249,139841
c47b1e46-0162-4932-949e-41bb149f2e1b,e2afef6f-6b5c-401e-83bf-cba808bc5249,103462
df0fa656-0446-4bf1-ba05-90052fa4d146,e4a39518-7e0c-456b-ab76-be02cb19e952,148040
86547a6d-c4bd-4a44-8459-987d3fe0d43a,eabc4264-29e2-4370-bed6-bbdbe4aac405,150570
df4df360-20e5-4117-87dc-ee5e907a7253,eabc4264-29e2-4370-bed6-bbdbe4aac405,107486
5285741d-cf7b-4a0e-9ecb-005a9e9e99b5,eb0db81b-fe28-491e-b6a2-c900dd2309db,108057
8998dfc4-141d-4ec0-8cd0-acee3a3f6606,ef2e050a-5177-4626-a4a7-3275af8cbf59,137198
d55fc3a4-7c36-4650-9aa2-a61bb1fdcdc1,ef2e050a-5177-4626-a4a7-3275af8cbf59,137198
a90e9d95-a10a-4b2f-9c49-1112681ccb0b,ef2e050a-5177-4626-a4a7-3275af8cbf59,145041
3337cc2f-fcc7-4b02-b91f-9eb87bd4a7d2,ef2e050a-5177-4626-a4a7-3275af8cbf59,137994
55075b72-4362-4158-a743-b49f8e8016ad,ef2e050a-5177-4626-a4a7-3275af8cbf59,100382
6c02f3c0-6d9b-4954-a527-72ba849b951d,ef2e050a-5177-4626-a4a7-3275af8cbf59,152151
7692f9ab-38e6-4939-9ce6-4bd82116e502,ef2e050a-5177-4626-a4a7-3275af8cbf59,144883
8a9b3fce-e6d5-4abc-a06c-9bb26062fcbe,ef2e050a-5177-4626-a4a7-3275af8cbf59,136631
f70a0708-b926-43dc-bb7c-d3b70756c938,f0da73d7-4984-4cb1-ab0e-2e3798c917e6,130912
89276b11-56e1-4953-90db-a5d4ea357954,f0da73d7-4984-4cb1-ab0e-2e3798c917e6,100425
6b1f1947-7d08-40e1-9980-70beeff30775,f0da73d7-4984-4cb1-ab0e-2e3798c917e6,138313
56837d38-68d7-4197-bc15-ef79533ad5a3,f0da73d7-4984-4cb1-ab0e-2e3798c917e6,138313
788c7fb4-0e58-4159-bf34-b57c7154272a,f0da73d7-4984-4cb1-ab0e-2e3798c917e6,101127
01758a94-17c6-4abf-b997-a90b3724af67,f131bfcc-f20b-4598-a169-437fc6a52439,106323
e3cedfaa-9c7d-4cee-9148-05d5fd79a09d,f131bfcc-f20b-4598-a169-437fc6a52439,106323
41acb530-f28d-4fc7-a94b-12c2030d40e5,f131bfcc-f20b-4598-a169-437fc6a52439,138653
bc13ab97-14f9-43ee-b3ee-4b560dfd50b1,f131bfcc-f20b-4598-a169-437fc6a52439,138653
e5813c5b-3922-49b5-b28d-2a959bd03375,f131bfcc-f20b-4598-a169-437fc6a52439,138653
af49b375-b442-4f2b-83c7-8e0eb2932b1d,f131bfcc-f20b-4598-a169-437fc6a52439,105521
0762ff03-b6f7-4e4f-9738-30c65a792d52,f131bfcc-f20b-4598-a169-437fc6a52439,106370
9c0d4014-fc3a-4a56-8f72-d0ac148d01e4,f131bfcc-f20b-4598-a169-437fc6a52439,106370
dcc33299-d72c-4997-918c-d1a4fe588c37,f131bfcc-f20b-4598-a169-437fc6a52439,106370
cee3eab8-b230-4b18-9d7b-16e349fbdd5f,f36f23c8-18fc-4cfd-a6e9-293301debf2b,132074
1f5228eb-55e1-447c-94d0-d6892ce58be6,f36f23c8-18fc-4cfd-a6e9-293301debf2b,132074
88f0c96c-15ac-413d-bc5e-e265fffeed34,f36f23c8-18fc-4cfd-a6e9-293301debf2b,138266
43bc8561-aed1-4af0-b098-d950dea00ebb,f36f23c8-18fc-4cfd-a6e9-293301debf2b,138266
bc1737f6-330e-41d9-ab1c-5fad11e77a0a,f36f23c8-18fc-4cfd-a6e9-293301debf2b,137005
167d39e0-a904-4d74-8ee0-a74ee0717e86,f36f23c8-18fc-4cfd-a6e9-293301debf2b,132074
7e26b7f9-dc7a-4da6-aaee-8a8b407be64a,f36f23c8-18fc-4cfd-a6e9-293301debf2b,138266
1973a86e-c2e0-43ca-a440-cb2d57a4d855,f3d5c93a-78ea-40a6-83d6-091c56473798,109949
7e048052-80f1-4659-b1a8-d604bcbf81d4,f3d5c93a-78ea-40a6-83d6-091c56473798,109949
b05eca82-9631-4449-80f3-94a25300515a,f3d5c93a-78ea-40a6-83d6-091c56473798,109949
f9639e33-6d6f-4541-84d3-96629a11a971,f6a45095-7bd0-4d6e-b2e4-d43f5eb940f9,141274
00fdf6a7-176d-4410-b3bc-b12285087ad3,f6a45095-7bd0-4d6e-b2e4-d43f5eb940f9,148884
2885a490-e183-4fe3-ac7f-a9ebeb384d26,f6a45095-7bd0-4d6e-b2e4-d43f5eb940f9,148884
0b420867-ad4d-415d-839f-9a53ad8633b2,f6a45095-7bd0-4d6e-b2e4-d43f5eb940f9,148885
306c71ef-1b43-4488-b696-5fe2338b5a9f,f6a45095-7bd0-4d6e-b2e4-d43f5eb940f9,148885
472fb55f-a435-48c0-aa18-75b7f63f9b41,f6a45095-7bd0-4d6e-b2e4-d43f5eb940f9,136611
eb63637f-2d48-47fb-9fd6-1e4b5e35b816,f8771e59-0594-4db5-8caa-94731b5f5b3a,120905
a13b6659-a91c-4387-b523-ebde4b553588,f8771e59-0594-4db5-8caa-94731b5f5b3a,121197
a4273fbc-17ac-454c-9b43-4116a11a48d8,f993174f-0929-4af3-af29-74fb52ad1a5d,102319
cd0e8199-bd9e-4e9a-bdaf-d91c08936edf,f993174f-0929-4af3-af29-74fb52ad1a5d,102319
bbd99b55-74be-4848-b384-bd8d44870adc,f993174f-0929-4af3-af29-74fb52ad1a5d,102787
515e13d8-a40e-4234-a19a-6a7fc62490c5,f993174f-0929-4af3-af29-74fb52ad1a5d,131062
b877f2ba-6632-445e-b2fb-817917817f4b,f993174f-0929-4af3-af29-74fb52ad1a5d,102787
47e00b47-2fad-49b9-a0a0-d0e355583076,fb699da0-7675-498b-aae6-627ddb6ffb02,139035
597ce581-113f-4a48-ac77-34aeeb52c986,fb699da0-7675-498b-aae6-627ddb6ffb02,112958
621543e5-f207-4835-b040-ccd4e426f2c6,fb699da0-7675-498b-aae6-627ddb6ffb02,113033
850c7036-f882-47aa-ac40-85bf0f86fba3,fb699da0-7675-498b-aae6-627ddb6ffb02,135498
77ad463a-2e4b-4660-89fe-1f82893145e8,fc294666-9205-405f-adb1-93aeb18a096f,114488
aa252f29-be60-439f-8ca7-cab7a6868ad4,fc294666-9205-405f-adb1-93aeb18a096f,114488
d76b11a5-8dd4-401e-bfcf-dee638529699,fc294666-9205-405f-adb1-93aeb18a096f,121587
fdfc364b-7a76-4b5e-a064-684210b2d611,fc294666-9205-405f-adb1-93aeb18a096f,107887
7b708ad8-dc0d-4765-918e-c965f78f442c,fc294666-9205-405f-adb1-93aeb18a096f,107846
adef0a88-9b40-4107-8cb4-f56da19c5b7a,fcc23ed4-81b9-493e-a9df-23f458375faa,136948
5cbed523-002e-49de-8ec2-214f830bc5b7,fcc23ed4-81b9-493e-a9df-23f458375faa,144393
71867fef-97bc-44e3-9f10-f26ccfbd3dea,fcc23ed4-81b9-493e-a9df-23f458375faa,135306
b6821bfa-66fa-4b2f-aeef-4dd25c81da07,fcc23ed4-81b9-493e-a9df-23f458375faa,135306
45b03aa7-f695-4473-a520-f9c0ffc6d75c,fcc23ed4-81b9-493e-a9df-23f458375faa,146170
b0922a47-0c5a-4d74-bb4f-477998a91462,fd40652b-be08-42d2-9bfe-a8425da5c87f,143262
fac517ef-7c48-48ee-adc5-3f54741199d9,fd40652b-be08-42d2-9bfe-a8425da5c87f,145895
af1d938b-77c5-49df-977a-adf77430f375,fd40652b-be08-42d2-9bfe-a8425da5c87f,119050
1cf9c2b4-a35c-4cb1-8d57-7803910cee90,fd40652b-be08-42d2-9bfe-a8425da5c87f,142517
a79e824b-1c29-4518-a5e4-40d407424ec7,fd40652b-be08-42d2-9bfe-a8425da5c87f,137883
1bb341e6-2d5a-4b50-8fb0-7aa4d0b78dd6,fd40652b-be08-42d2-9bfe-a8425da5c87f,143220
b3a9af8b-a30e-4684-908f-1824d147c07a,fd40652b-be08-42d2-9bfe-a8425da5c87f,118852
ed20a13e-908e-4d28-9931-7de67ba059af,fd40652b-be08-42d2-9bfe-a8425da5c87f,147207
aaf3cd5f-53a6-4d84-86ad-8662cea45fdc,fd40652b-be08-42d2-9bfe-a8425da5c87f,148918
1ad89793-cac8-4bdc-b7ae-0d31144924a5,fd40652b-be08-42d2-9bfe-a8425da5c87f,137581
d42aee46-8e3f-463f-9c27-4c07ea7c24e3,fd40652b-be08-42d2-9bfe-a8425da5c87f,137581
13b872ba-2c4f-46f2-a269-cb26f6b26792,fd40652b-be08-42d2-9bfe-a8425da5c87f,116743
14b911a8-86a3-4ef4-b796-b892e432d6c0,fd40652b-be08-42d2-9bfe-a8425da5c87f,116743
482cfad4-8a3d-4825-b449-3cb02b8f42b3,fd40652b-be08-42d2-9bfe-a8425da5c87f,146624
fe01ea3b-a5e1-4aeb-9e63-18f61286ed4c,fd40652b-be08-42d2-9bfe-a8425da5c87f,146624
1402f7f0-9f7b-4e6f-af79-992e56885b58,fd40652b-be08-42d2-9bfe-a8425da5c87f,145440
05dbfdd9-f88f-4c4d-9109-1819485c77bd,fd40652b-be08-42d2-9bfe-a8425da5c87f,118637
a2ab1472-f54d-40e1-ba36-e118acc76645,fe1a4faf-bc68-41b9-a4df-17d3e8329b32,143707
be24a48a-ca52-4e3b-a3fa-69021ddcbbc1,fe1a4faf-bc68-41b9-a4df-17d3e8329b32,146199
a2348288-bfd2-42fb-ba2a-fdfbd6067ee1,fe1a4faf-bc68-41b9-a4df-17d3e8329b32,143780
b79474b6-7635-46f1-b9e3-5a7f47582930,fe1a4faf-bc68-41b9-a4df-17d3e8329b32,145179
97c28880-6d00-4331-a6e4-622667e1521a,fe1a4faf-bc68-41b9-a4df-17d3e8329b32,146199
93920ed6-ea53-44c4-8d67-948b602ac85e,feea2888-6157-439e-9959-46ceb4649617,108607
d2c72041-1fdf-43e4-97e8-6f98a03f126c,feea2888-6157-439e-9959-46ceb4649617,108607
38be6daa-b9a5-49e4-9338-3d8849cc44bc,feea2888-6157-439e-9959-46ceb4649617,122268
bcf10833-cbce-470b-8afb-6fdea087347b,ffc42b35-6daa-4d9d-bc33-82ab397b474b,140786
0c643297-378e-4fc7-9a82-4bf882369bab,ffc42b35-6daa-4d9d-bc33-82ab397b474b,117562
55b6e81c-7a2d-45b9-8372-6382de7affe7,ffc42b35-6daa-4d9d-bc33-82ab397b474b,137288
dde9d124-cb67-4037-a84a-ef8bc2d4e5a9,ffc42b35-6daa-4d9d-bc33-82ab397b474b,146305
21e63f72-93ab-449e-ae16-2645150a0c55,ffc42b35-6daa-4d9d-bc33-82ab397b474b,137861
cc41cd03-2c02-491b-b85f-da0f4a7ecd0d,ffc42b35-6daa-4d9d-bc33-82ab397b474b,117499
e776e84f-3100-4fe8-a023-bb064bb3b72d,ffc42b35-6daa-4d9d-bc33-82ab397b474b,138582
a2287757-8b1d-4231-a498-fc2f54045280,ffc42b35-6daa-4d9d-bc33-82ab397b474b,138507
036299e1-9f1b-4a45-99f3-b0b1423e947c,ffc42b35-6daa-4d9d-bc33-82ab397b474b,132105
0035c902-086f-457e-8b24-84c779c0b554,ffc42b35-6daa-4d9d-bc33-82ab397b474b,137938
64f403a4-4c94-4763-8f36-46906ef37000,ffc42b35-6daa-4d9d-bc33-82ab397b474b,139154
8847e233-6306-489a-b2d8-ce4abe3319ac,ffc42b35-6daa-4d9d-bc33-82ab397b474b,117451
